term,variants,meaning,category,safety_signal,safety_signal_raw,example_line,lsr,lsr_raw,confidence,source_hint,merged_from,merge_conflicts,extra_example_lines
AEE,"[""EE"", ""SE"", ""DE"", ""AEE (Drilling)"", ""AEE (P)"", ""AEE sahab"", ""DGM"", ""GM"", ""CGM"", ""ED"", ""officer sahab"", ""sahab""]",Officer grade abbreviations (Assistant Executive Engineer and above) used to refer to the company officer on site.,abbreviation,,none,"AEE (P) sahab ko inform kiya, GGS-1 flare pilot off since morning, gas venting.",,,medium,ONGC grade structure; OIL grades differ,1,,
B/D,"[""BD"", ""breakdown"", ""break down"", ""B/D maintenance"", ""BDM"", ""M/C B/D"", ""B/D me hai""]","Breakdown of equipment, or breakdown maintenance.",abbreviation,,none,"Pump in B/D, fitter repairing belt with drive still connected, LOTO nahi kiya.",,,high,common Indian plant usage,1,,
BBS,"[""behaviour based safety"", ""behavior based safety"", ""BBS observation"", ""BBS card"", ""safety observation"", ""observation card"", ""SO card""]",Behaviour based safety observation programme; BBS cards are one of the channels UA/UC reports arrive through.,abbreviation,statement_cue,statement_type,"BBS observation: fitter using grinder without guard near ETP, SOP nahi follow kar raha.",,,high,ONGC / OIL BBS programmes,1,,
BHA,"[""bottom hole assembly"", ""BHA handling"", ""BHA make up"", ""BHA lagana"", ""BHA break"", ""BHA pickup""]","Bottom hole assembly of drill collars, stabilisers and bit handled on the rig floor.",abbreviation,energy_cue,energy_cue,"BHA handling on rig floor, pickup line frayed, helper standing in line of fire.",Line of Fire,Line of Fire,high,generic drilling; IADC,1,,
CISF,"[""security"", ""CISF jawan"", ""security guard"", ""gate"", ""gate pe"", ""security ne roka""]","Central Industrial Security Force, which guards gates of PSU installations.",abbreviation,,none,"CISF gate allowed tanker without spark arrestor into OCS, checking nahi hua.",,,high,ONGC / OIL security arrangement,1,,
CO,"[""carbon monoxide"", ""CO level"", ""CO reading"", ""CO alarm"", ""DG exhaust"", ""dhuan andar""]","Carbon monoxide, from engine exhaust or fire, a confined space and DG room hazard; not to be confused with C/O changeover.",abbreviation,exposure_cue,exposure_cue,"DG set running inside closed shed at rig camp, CO alarm nahi hai, exhaust andar hi aa raha.",Confined Space,Confined Space,medium,generic oil & gas / confined space practice,1,,
CP,"[""cathodic protection"", ""CP station"", ""CP not working"", ""CP reading"", ""TR unit"", ""TLP"", ""test lead point"", ""CP kharab""]",Cathodic protection system preventing external corrosion of buried pipelines.,abbreviation,control_present,control_present,"CP station at SV-2 not working since 2 months, TLP reading not taken.",,,high,OISD-STD-141 / OISD-STD-214,1,,
CSE,"[""confined space entry"", ""confined space"", ""CS entry"", ""CSE permit"", ""CSEP"", ""vessel entry permit"", ""tank entry"", ""tank ke andar"", ""entry permit""]","Entry into a tank, vessel, pit or other confined space, which requires a separate permit, gas test and standby person.",abbreviation,control_present,control_present,"Two helpers inside crude tank T-2 for sludge cleaning, CSE permit nahi tha, koi standby nahi.",Confined Space,Confined Space,high,OISD-STD-105 work permit system,1,,
CTF,"[""central tank farm"", ""tank farm"", ""CTF me"", ""tank farm area"", ""CTF gate""]",Central tank farm where crude from field installations is stored before despatch.,abbreviation,,none,"CTF tank T-3 roof platform railing missing, gauging chal raha tha.",,,high,ONGC / OIL installation naming,1,,
CTU,"[""coiled tubing unit"", ""coil tubing"", ""CT unit"", ""CTU job"", ""CT reel"", ""injector head"", ""CT job"", ""NPU"", ""nitrogen unit"", ""N2 unit""]","Coiled tubing unit used for well intervention, usually with high pressure pumping and nitrogen units.",abbreviation,energy_cue,energy_cue,"CTU job at well 9, HP hose without whip check, injector head ke niche log khade.",Line of Fire,Line of Fire,high,ONGC / OIL well services usage,1,,
DB,"[""distribution board"", ""DB box"", ""DB open"", ""DB cover nahi"", ""panel"", ""panel open"", ""panel door khula"", ""MCC"", ""MCC panel"", ""PCC""]",Electrical distribution board or motor control panel.,abbreviation,energy_cue,energy_cue,"DB cover open near well site camp, wires exposed, barish me paani ja raha andar.",,,high,common Indian electrical usage,1,,
DCP,"[""dry chemical powder"", ""DCP extinguisher"", ""DCP type"", ""DCP FE"", ""9 kg DCP"", ""DCP cylinder"", ""CO2 extinguisher"", ""CO2 type""]","Dry chemical powder type extinguisher, the most common portable extinguisher on Indian installations.",abbreviation,control_present,control_present,"DCP 9 kg extinguisher near DG set pressure gauge in red zone, refill due since 2024.",Hot Work,Hot Work,high,OISD-STD-189; IS 15683,1,,
DG,"[""DG set"", ""D.G. set"", ""diesel generator"", ""genset"", ""DG room"", ""DG chal raha tha"", ""DG exhaust"", ""DG shed""]","Diesel generator set supplying power at rigs, camps and installations.",abbreviation,energy_cue,energy_cue,"DG set exhaust pipe near HSD drum, running without cover, canopy door open.",,,high,common usage,1,,
DL,"[""driving licence"", ""driving license"", ""DL nahi tha"", ""without DL"", ""license expire"", ""DL expired"", ""valid DL"", ""DL check nahi""]",Driving licence of the driver or operator.,abbreviation,pseudo_control,pseudo_control,"Hydra operator DL expired, RTO renewal pending, still operating at pipe yard.",Driving,Driving,high,Motor Vehicles Act 1988,1,,
DP,"[""drill pipe"", ""DP handling"", ""DP stand"", ""DP racking"", ""DC"", ""drill collar"", ""HWDP"", ""pipe handling"", ""drill pipe uthate samay"", ""casing handling"", ""tubing handling""]","Drill pipe, and by extension tubular handling on catwalk and rig floor.",abbreviation,energy_cue,energy_cue,"DP racking on catwalk, pipe rolling, koi stopper nahi, helper beech me khada.",Line of Fire,Line of Fire,high,generic drilling; IADC,1,,
EIC,"[""engineer in charge"", ""engineer-in-charge"", ""E-I-C"", ""EIC sir"", ""EIC ko inform"", ""EIC sahab"", ""site engineer""]","Company engineer responsible for a contract or job, who signs permits and supervises the contractor.",abbreviation,,none,"Excavation on P/L ROW at KM 12 started without informing EIC, kisi ko pata nahi tha.",,,high,ONGC/OIL contract and PTW forms,1,,
EOT,"[""EOT crane"", ""E.O.T"", ""overhead crane"", ""OH crane"", ""electric overhead travelling crane"", ""EOT hook"", ""EOT limit switch""]",Electric overhead travelling crane in workshops and pump houses.,abbreviation,energy_cue,energy_cue,"EOT crane hook limit switch bypass kiya hua, operator ground se chala raha bina signalman.",Safe Mechanical Lifting,Safe Mechanical Lifting,high,common Indian industry; IS 3177,1,,
ERP,"[""emergency response plan"", ""emergency plan"", ""on-site emergency plan"", ""OSEP"", ""DMP"", ""disaster management plan"", ""mock drill"", ""ERP drill"", ""assembly point""]","Site emergency and disaster management plan, including assembly points and drills.",abbreviation,pseudo_control,pseudo_control,"Contractor crew at well site ERP se unaware, assembly point nahi pata, mock drill kabhi nahi hua.",,,high,Oil Mines Regulations 2017 (DMP); OISD-RP-206,1,,
ESD,"[""emergency shutdown"", ""ESD system"", ""ESD bypass"", ""ESD not working"", ""ESD nahi chal raha"", ""E.S.D"", ""SDV"", ""shutdown valve"", ""SSV"", ""surface safety valve""]","Emergency shutdown system or valve that isolates the process on high pressure, fire or manual trip.",abbreviation,control_present,control_present,"ESD push button at GGS inlet manifold cover broken, SDV kept in manual, bypass position me hai.",Bypassing Safety Controls,Bypassing Safety Controls,high,OISD-STD-116; OISD production installation standards,1,,
ESP,"[""electrical submersible pump"", ""ESP well"", ""ESP cable"", ""ESP panel"", ""VSD"", ""VSD panel"", ""ESP chal raha""]","Electrical submersible pump installed downhole, with high voltage surface cable and panel; not the emergency shutdown ESD.",abbreviation,energy_cue,energy_cue,"ESP well cable joint exposed near wellhead, VSD panel door open, paani bhara hua.",,,high,ONGC / OIL production usage,1,,
ETP,"[""effluent treatment plant"", ""ETP pit"", ""effluent pit"", ""ETP me"", ""effluent""]",Effluent treatment plant handling produced water and oily effluent.,abbreviation,,none,"ETP sludge pit uncovered, night me light nahi, fencing toot gayi.",,,high,common Indian industry usage,1,,
F&S,"[""F & S"", ""fire & safety"", ""fire and safety"", ""F&S dept"", ""F&S section"", ""fire safety wale"", ""fire section"", ""fire wale""]",Fire and Safety department of the installation.,abbreviation,,none,"F&S clearance nahi liya for cutting job at CTF tank dyke, fire tender bhi nahi tha.",,,high,OIL / ONGC department naming,1,,
FAC,"[""first aid case"", ""FA case"", ""FA"", ""first aid"", ""primary treatment"", ""first aid diya""]","Injury needing only first aid, the lowest recordable outcome class.",abbreviation,outcome_cue,outcome,"FA case: minor cut on hand while handling GI sheet at store, gloves nahi pehne the.",,,high,OISD-RP-206; IOGP injury classification,1,,
FE,"[""fire extinguisher"", ""extinguisher"", ""FE nahi tha"", ""fire ext"", ""F.E."", ""fire ex"", ""extinguisher expire"", ""extinguisher khali"", ""अग्निशामक""]",Portable fire extinguisher required at hot work and hydrocarbon handling locations.,abbreviation,control_present,control_present,"Hot work at pump house going on, FE nahi tha nearby, jo tha uska expiry last year.",Hot Work,Hot Work,high,OISD-STD-189 fire fighting equipment for rigs and production installations,1,,
FLP,"[""flame proof"", ""flameproof"", ""FLP fitting"", ""FLP light"", ""FLP motor"", ""non-FLP"", ""non FLP"", ""FLP nahi hai"", ""Ex"", ""Ex-proof"", ""explosion proof"", ""ordinary fitting"", ""normal fitting""]",Flameproof (explosion protected) electrical fitting required in a classified hazardous area.,abbreviation,control_present,control_present,"Non-FLP hand lamp used inside tank dyke area, cable joint open, Zone 1 area hai.",,,high,OISD-STD-113 hazardous area classification; IS 2148,1,,
FRC,"[""fire resistant coverall"", ""FR coverall"", ""FR suit"", ""FRC nahi pehna"", ""boiler suit"", ""dangri"", ""coverall"", ""cotton dangri"", ""dungaree""]",Fire resistant coverall issued for work in hydrocarbon areas; dangri is the common Hinglish word for any coverall.,abbreviation,pseudo_control,pseudo_control,"Welder wearing normal cotton shirt, FRC nahi, sparks near separator drain.",Hot Work,Hot Work,medium,OISD-STD-155; common Hinglish usage (dangri),1,,
GD,"[""gas detector"", ""F&G"", ""fire and gas"", ""F&G system"", ""fixed gas detector"", ""portable gas detector"", ""MGD"", ""multi gas detector"", ""detector kharab"", ""detector not working"", ""detector bypass""]","Fixed or portable gas detection, usually flammable and H2S, at process areas.",abbreviation,control_present,control_present,"Fixed gas detector at compressor shed showing fault, bypass in panel, koi portable GD nahi.",Bypassing Safety Controls,Bypassing Safety Controls,medium,OISD-STD-116; generic oil & gas,1,,
GGS,"[""group gathering station"", ""GGS-1"", ""GGS 3"", ""GGS me"", ""gathering station"", ""GGS site""]",Group gathering station where well fluids from several wells are separated (ONGC term).,abbreviation,,none,"GGS-4 inlet manifold area oil spillage, drain choke, slippery, koi cleaning nahi.",,,high,ONGC installation naming,1,,
GP,"[""gate pass"", ""entry pass"", ""pass nahi tha"", ""bina pass"", ""gate pass nahi"", ""ID card"", ""without ID""]",Gate pass or entry permit for persons and vehicles entering an installation.,abbreviation,pseudo_control,pseudo_control,"Casual labour inside CTF bina GP, contractor supervisor ko bhi pata nahi tha.",Work Authorisation,Work Authorisation,high,common Indian PSU security practice,1,,
H2S,"[""hydrogen sulphide"", ""hydrogen sulfide"", ""sour gas"", ""H2S smell"", ""H2S detector"", ""H2S alarm"", ""gas ki smell"", ""gas ki badbu"", ""गैस की बदबू"", ""sada anda smell""]","Toxic flammable gas present in sour crude and gas, dangerous at low ppm.",abbreviation,energy_cue,energy_cue,"H2S smell near OCS-1 ETP pit, koi detector nahi laga tha, workers bina mask kaam kar rahe.",,,high,Oil Mines Regulations 2017 (sour gas); OISD-STD-174,1,,
HiPo,"[""hi-po"", ""high potential"", ""high potential near miss"", ""HiPo NM"", ""HPNM"", ""high potential incident""]",High potential near miss or incident that could realistically have caused a fatality or serious injury.,abbreviation,statement_cue,statement_type,"HiPo NM: hydra boom touched 11 KV line near GGS gate, operator ne dekha nahi.",,,medium,IOGP Report 459; ONGC HiPo classification,1,,
HIRA,"[""hazard identification and risk assessment"", ""HIRA nahi hua"", ""HIRA register"", ""risk assessment"", ""RA"", ""risk assessment nahi kiya""]",Documented hazard identification and risk assessment exercise for an activity or installation.,abbreviation,pseudo_control,pseudo_control,"New HP jetting job at ETP started without HIRA, SOP bhi nahi hai is job ka.",,,high,OISD-RP-206; common Indian PSU HSE practice,1,,
HMV,"[""heavy motor vehicle"", ""HMV licence"", ""HMV DL"", ""heavy vehicle"", ""HGV"", ""heavy licence nahi"", ""LMV"", ""light motor vehicle"", ""LMV licence"", ""LMV only""]","Heavy motor vehicle licence class; LMV is the light vehicle class, insufficient for tankers and trailers.",abbreviation,pseudo_control,pseudo_control,"Driver of water bowser only LMV licence, HMV nahi hai, 10 KL tanker chala raha.",Driving,Driving,high,Central Motor Vehicles Rules 1989,1,,
HP,"[""high pressure"", ""HP line"", ""HP hose"", ""HP jetting"", ""HP water jetting"", ""HP pump"", ""H.P."", ""high pressure line"", ""HP/LP"", ""LP"", ""low pressure""]","High pressure line, hose or jetting operation.",abbreviation,energy_cue,energy_cue,"HP jetting at ETP without face shield, lance without dead man switch, hose purana.",Line of Fire,Line of Fire,high,common usage,1,,
HSD,"[""high speed diesel"", ""diesel"", ""HSD tank"", ""HSD drum"", ""HSD spillage"", ""diesel gir gaya"", ""HSD bowser"", ""diesel bowser"", ""decanting""]",High speed diesel stored and handled at rigs and installations.,abbreviation,energy_cue,energy_cue,"HSD drum decanting near DG with mobile in hand, spillage on ground, no bund.",,,high,Petroleum Rules 2002; common Indian usage,1,,
HSE,"[""SHE"", ""QHSE"", ""EHS"", ""HSE dept"", ""HSE officer"", ""HSE audit"", ""HSE point""]","Health, safety and environment function or department.",abbreviation,,none,HSE audit point pending: FLP light fitting near GGS-2 separator abhi tak nahi badla.,,,high,common usage,1,,
HT,"[""high tension"", ""HT line"", ""HT cable"", ""HT panel"", ""HT overhead line"", ""11 KV"", ""33 KV"", ""11kv line"", ""LT"", ""low tension"", ""LT line"", ""415 V"", ""440 V""]","High tension (or low tension) electrical supply, lines and panels.",abbreviation,energy_cue,energy_cue,"Hydra parked under 33 KV HT line near ROW, boom raised, koi barricade nahi.",,,high,CEA Regulations 2010; common Indian usage,1,,
HWP,"[""hot work permit"", ""hot permit"", ""HW permit"", ""hot work ka permit"", ""HWP nahi tha"", ""hot work without permit"", ""hot job""]","Permit specifically for spark or flame producing work such as welding, grinding, gas cutting in a hydrocarbon area.",abbreviation,control_present,control_present,"HWP issued for grinding near test separator but gas test column blank, fire watch bhi nahi tha.",Hot Work,Hot Work,high,OISD-STD-105 work permit system,1,,
I/C,"[""IC"", ""in-charge"", ""incharge"", ""in charge"", ""shift I/C"", ""shift IC"", ""SIC"", ""rig I/C"", ""site I/C"", ""well site I/C""]","Person in charge of a shift, rig, site or section.",abbreviation,,none,"Shift I/C allowed hot work near flare pit without gas test, LEL meter charge nahi tha.",,,high,common Indian PSU usage,1,,
IM,"[""installation manager"", ""installation in-charge"", ""IIC"", ""I/C installation"", ""IM sir"", ""IM sahab""]","Statutory person in charge of an oil mine installation, who owns the permit system and emergency plan.",abbreviation,,none,"IM not present at site during BOP nipple-up, permit signed by junior only.",,,high,Oil Mines Regulations 2017,1,,
IVMS,"[""in-vehicle monitoring system"", ""VTS"", ""vehicle tracking"", ""vehicle tracking system"", ""GPS device"", ""tracker"", ""IVMS not installed"", ""IVMS nahi laga""]","In-vehicle monitoring or tracking device recording speed, harsh braking and location.",abbreviation,control_present,control_present,"Contractor tanker without IVMS entered CTF, overspeeding noticed at gate.",Driving,Driving,medium,IOGP Report 459 Driving; ONGC IVMS/VTS rollout,1,,
JMP,"[""journey management plan"", ""journey management"", ""JMP nahi tha"", ""trip plan"", ""JM"", ""night driving"", ""night movement""]","Journey management plan for road trips, covering route, timing, rest and night driving restrictions.",abbreviation,pseudo_control,pseudo_control,"Night movement of crew vehicle to well site without JMP, driver alone 6 hours continuous.",Driving,Driving,medium,IOGP Report 459 Driving; unverified as written abbreviation in OIL/ONGC reports,1,,
JSA,"[""job safety analysis"", ""JSA nahi bana"", ""JSA nahi kiya"", ""JSA nhi tha"", ""JSA sign"", ""JSA attached"", ""job hazard analysis"", ""JHA"", ""जेएसए""]","Step-by-step written breakdown of a job with hazards and precautions, usually attached to the permit.",abbreviation,pseudo_control,pseudo_control,"Rigging up of WO rig mast at well site, JSA nahi bana, crew ko koi briefing nahi di.",Work Authorisation,Work Authorisation,high,OISD-STD-105; OISD-RP-206 safety management system,1,,
ksc,"[""kg/cm2"", ""kg/sq cm"", ""kgf/cm2"", ""psi"", ""psig"", ""bar""]","Kilogram per square centimetre, the pressure unit written in Indian oil field reports along with psi.",abbreviation,energy_cue,energy_cue,"Test separator running at 12 ksc, PSV set 10 ksc but isolated, gauge nahi dikh raha.",,,high,common Indian oil & gas usage,1,,
LEL,"[""lower explosive limit"", ""LEL 0%"", ""LEL zero"", ""% LEL"", ""LEL reading"", ""gas test"", ""gas testing nahi hua"", ""explosimeter"", ""gas test nahi kiya"", ""LEL meter""]",Percentage of the lower explosive limit of flammable gas measured before hot work or entry.,abbreviation,exposure_cue,exposure_cue,"Grinding near flare KOD started, LEL reading nahi liya, permit me gas test column blank.",Hot Work,Hot Work,high,OISD-STD-105 (gas test before permit),1,,
LOTO,"[""lock out tag out"", ""lockout tagout"", ""lock out"", ""tag out"", ""LOTO nahi kiya"", ""LOTO nhi tha"", ""LOTO tag"", ""isolation"", ""isolation nahi kiya"", ""lock nahi lagaya""]",Physical locking and tagging of an energy isolation point so equipment cannot be re-energised during work.,abbreviation,control_present,control_present,"Fitter opened SRP gearbox for repair, LOTO nahi kiya, panel me sirf switch off tha.",Energy Isolation,Energy Isolation,high,OISD-STD-105; IOGP Report 459 Energy Isolation,1,,
LPG,"[""LPG cylinder"", ""gas cylinder"", ""LPG leak"", ""cylinder"", ""kitchen gas"", ""LPG hose"", ""mess me cylinder""]","LPG cylinders used in camp kitchens and mess, or for cutting.",abbreviation,energy_cue,energy_cue,"LPG cylinder in mess kitchen at well site camp, hose cracked, regulator loose.",,,high,common usage,1,,
LSR,"[""life saving rules"", ""life-saving rules"", ""LSR violation"", ""golden rules"", ""LSR card"", ""life saving rule no""]","Company life saving rules, usually adapted from IOGP, whose violation is tagged in reports.",abbreviation,statement_cue,statement_type,"LSR violation: driver on phone while driving pipe trailer inside CTF, speed bhi zyada.",,,medium,IOGP Report 459; ONGC Life Saving Rules,1,,
LTI,"[""lost time injury"", ""LTI free"", ""LTI case"", ""LWC"", ""lost workday case"", ""LTIFR"", ""LTIF"", ""reportable injury"", ""reportable"", ""reportable accident""]","Injury causing the person to miss at least one shift, reportable under mines regulations.",abbreviation,outcome_cue,outcome,"LTI free days board not updated since last month, contractor injuries count nahi hote.",,,high,Oil Mines Regulations 2017 (reportable accident); OISD-RP-206,1,,
M/C,"[""MC"", ""machine"", ""M/C running"", ""M/C guard"", ""m/c chalu""]","Machine, written as M/C in Indian maintenance shorthand.",abbreviation,,none,"Grinding M/C guard removed, wheel cracked, operator bina goggles.",,,high,common Indian plant usage,1,,
MOC,"[""management of change"", ""MOC nahi kiya"", ""without MOC"", ""change without MOC"", ""MOC form"", ""temporary modification"", ""MOC approval""]","Formal review and approval before any temporary or permanent change to equipment, process or procedure.",abbreviation,pseudo_control,pseudo_control,"Temporary hose connected from HP line to test separator without MOC, EIC ko nahi bataya.",Bypassing Safety Controls,Bypassing Safety Controls,high,OISD-RP-206; process safety management,1,,
MSDS,"[""SDS"", ""material safety data sheet"", ""MSDS nahi tha"", ""MSDS available nahi"", ""data sheet""]",Chemical hazard data sheet that should be available where a chemical is stored or used.,abbreviation,pseudo_control,pseudo_control,"Demulsifier drums stored near GGS store, MSDS not available, label bhi fade ho gaya.",,,high,MSIHC Rules 1989; OISD-RP-206,1,,
MTC,"[""medical treatment case"", ""medical case"", ""MTC injury"", ""RWC"", ""restricted work case"", ""light duty"", ""restricted duty""]",Injury needing treatment by a doctor beyond first aid but without lost time.,abbreviation,outcome_cue,outcome,"MTC reported: eye irritation after chemical splash at ETP, goggles nahi the, MSDS unknown.",,,high,OISD-RP-206; IOGP injury classification,1,,
NB,"[""nominal bore"", ""6 NB"", ""8 NB line"", ""dia"", ""inch dia"", ""8 inch line"", ""4 inch flowline""]","Nominal bore pipe size, the standard way Indian reports state pipe diameter.",abbreviation,,none,"6 NB flowline flange bolts missing two, gasket exposed, line live hai.",,,high,common Indian piping usage,1,,
NM,"[""near miss"", ""near-miss"", ""nearmiss"", ""NM report"", ""NMR"", ""near miss reporting"", ""bal bal bacha"", ""bach gaya"", ""hote hote reh gaya""]","Near miss, an event that could have caused injury or damage but did not.",abbreviation,statement_cue,statement_type,"NM: DP stand slipped from fingerboard during racking, derrickman just niche khada tha.",,,high,OISD-RP-206; ONGC/OIL near-miss formats,1,,
NOC,"[""no objection certificate"", ""NOC nahi tha"", ""NOC liya"", ""clearance"", ""electrical NOC"", ""F&S NOC"", ""clearance nahi liya""]",No objection certificate or clearance from another department before starting work in its area.,abbreviation,pseudo_control,pseudo_control,"Excavation near HT cable at GCS done without electrical NOC, cable exposed ho gaya.",Work Authorisation,Work Authorisation,high,common Indian PSU usage,1,,
O/H,"[""OH"", ""overhead"", ""O/H line"", ""OH line"", ""overhead line"", ""overhead crossing"", ""upar tar"", ""upar wire""]",Overhead electrical line or crossing.,abbreviation,energy_cue,energy_cue,"Scaffold pipe being lifted near O/H LT line at GGS store, clearance 1 m only.",,,high,common Indian usage,1,,
O2,"[""oxygen"", ""O2 level"", ""O2 19.5"", ""oxygen test"", ""O2 reading"", ""oxygen nahi check kiya"", ""O2 deficiency""]","Oxygen percentage measured before confined space entry, normally required between 19.5 and 23.5 percent.",abbreviation,exposure_cue,exposure_cue,"O2 test not done before tank entry, sirf LEL check kiya, blower bhi nahi laga tha.",Confined Space,Confined Space,high,OISD-STD-105 confined space entry,1,,
OCS,"[""oil collecting station"", ""OCS-2"", ""OCS me"", ""collecting station"", ""OCS site""]",Oil collecting station where well fluids are gathered and separated (Oil India term).,abbreviation,,none,"OCS-2 tank dyke drain valve open, oily water bahar ja raha, gas smell bhi aa rahi.",,,high,Oil India Limited installation naming,1,,
OHC,"[""occupational health centre"", ""dispensary"", ""first aid centre"", ""FAP"", ""first aid post"", ""medical centre"", ""MO"", ""medical officer"", ""doctor sahab"", ""ambulance""]","Site medical facility, medical officer and ambulance.",abbreviation,,none,"OHC ambulance at rig site tyre puncture since 3 days, driver bhi nahi hai.",,,medium,Oil Mines Regulations 2017 (medical facilities); Factories Act usage,1,,
OISD,"[""Oil Industry Safety Directorate"", ""OISD audit"", ""OISD standard"", ""OISD-STD"", ""OISD observation"", ""OISD point""]",Government safety directorate for the Indian oil industry whose standards and audits apply to the installation.,abbreviation,,none,"OISD audit observation: PSV of test separator not tested since 2023, tag missing.",,,high,oisd.gov.in,1,,
P/L,"[""PL"", ""pipeline"", ""pipe line"", ""P/L ROW"", ""trunk line"", ""flow line"", ""flowline"", ""F/L"", ""line"", ""main line""]","Pipeline or flowline carrying crude, gas or water under pressure.",abbreviation,energy_cue,energy_cue,"Leak on 6 inch P/L near village, crude ground pe, barricade nahi, log dekhne aa rahe.",,,high,OISD-STD-141 / OISD-STD-214 pipelines,1,,
PESO,"[""Petroleum and Explosives Safety Organisation"", ""PESO licence"", ""PESO license"", ""PESO approved"", ""CCOE"", ""explosive dept"", ""explosives licence""]","Regulator that licenses storage of petroleum, explosives and pressure vessels.",abbreviation,,none,"HSD storage at drill site around 5 KL, PESO licence limit se zyada, dyke bhi nahi hai.",,,high,Petroleum Rules 2002,1,,
PG,"[""pressure gauge"", ""P.G."", ""gauge"", ""PG not working"", ""PG kharab"", ""gauge nahi laga"", ""gauge broken"", ""gauge glass toota"", ""TG"", ""temperature gauge"", ""LG"", ""level gauge""]","Pressure (or temperature, level) gauge; a missing or broken gauge means pressure is not being monitored.",abbreviation,energy_cue,energy_cue,"PG on HP separator glass broken, reading nahi dikh raha, operator andaza laga raha.",,,high,common Indian plant usage,1,,
PM,"[""preventive maintenance"", ""PM due"", ""PM nahi hua"", ""maintenance due"", ""AMC"", ""AMC expired"", ""service due"", ""schedule maintenance"", ""PM overdue""]",Preventive maintenance schedule; an overdue PM is a cue that a control may be ineffective.,abbreviation,pseudo_control,pseudo_control,"Hydra PM due since 4 months, brake weak, still used for pipe unloading.",,,high,common Indian plant usage,1,,
PPE,"[""personal protective equipment"", ""PPEs"", ""PPE nahi pehna"", ""PPE nhi tha"", ""bina PPE"", ""without PPE"", ""PPE kit"", ""proper PPE"", ""पीपीई""]","Helmet, shoes, goggles, gloves, harness and similar personal protection worn by the worker.",abbreviation,pseudo_control,pseudo_control,"Helper working at cellar pit edge without PPE, safety belt nahi pehna, chappal me tha.",,,high,OISD-STD-155 personnel protective equipment,1,,
ppm,"[""ppm H2S"", ""10 ppm"", ""ppm reading"", ""ppm me""]","Parts per million, the unit used for toxic gas readings such as H2S.",abbreviation,exposure_cue,exposure_cue,"H2S 15 ppm at wellhead cellar during sampling, operator without BA set, alarm nahi baja.",,,high,Oil Mines Regulations 2017 sour gas limits,1,,
PTW,"[""permit to work"", ""work permit"", ""permit"", ""WP"", ""PTW nahi tha"", ""PTW nhi tha"", ""bina PTW"", ""without PTW"", ""PTW liya"", ""PTW close nahi kiya"", ""cold work permit"", ""CWP"", ""परमिट"", ""पीटीडब्ल्यू""]","Written authorisation from the installation or area in-charge before hot, cold or entry work starts, recording isolations and gas test.",abbreviation,control_present,control_present,"Contractor party welding at OCS-3 flowline header, PTW nahi tha, EIC ko bhi pata nahi.",Work Authorisation,Work Authorisation,high,OISD-STD-105 work permit system; Oil Mines Regulations 2017,1,,
ROW,"[""right of way"", ""ROW encroachment"", ""ROW me digging"", ""pipeline ROW"", ""ROU"", ""right of use"", ""ROW patrolling""]",Pipeline right of way strip where third party digging and encroachment are the main hazards.,abbreviation,exposure_cue,exposure_cue,"Brick kiln encroachment on P/L ROW at KM 18, tractor movement over the line daily.",,,high,PMP Act 1962; OISD-STD-141,1,,
RT,"[""rotary table"", ""rotary"", ""RT floor"", ""rotary floor"", ""rig floor"", ""DF"", ""drill floor"", ""floor pe""]",Rotary table and the rig floor around it; RT also means radiography test in NDT context.,abbreviation,energy_cue,energy_cue,"Roughneck hand near RT while making connection, tong line under tension.",Line of Fire,Line of Fire,high,generic drilling; IADC,1,,
S/D,"[""SD"", ""shutdown"", ""shut down"", ""S/D liya"", ""shutdown le kar"", ""without S/D"", ""bina shutdown"", ""shutdown nahi liya"", ""line S/D"", ""electrical S/D"", ""S/D permit""]","Shutdown of a line, plant or electrical supply taken as isolation before work.",abbreviation,control_present,control_present,"Flowline flange opened bina S/D, sirf wing valve close, THP 20 ksc tha.",Energy Isolation,Energy Isolation,high,OISD-STD-105; common Indian plant usage,1,,
SIF,"[""SIF-p"", ""SIFp"", ""SIF potential"", ""PSIF"", ""serious injury and fatality"", ""life threatening"", ""fatality potential""]","Serious injury or fatality potential, a classification tag rather than something field staff normally write.",abbreviation,statement_cue,statement_type,"SIF-p flagged: crew working at 8 m on mast without harness anchor, safety line nahi thi.",,,low,IOGP / SIF precursor literature; unverified in Indian field reports,1,,
SIMOPS,"[""simultaneous operations"", ""simultaneous work"", ""ek saath do kaam"", ""do party ek jagah"", ""upar niche kaam""]","Two or more jobs going on at the same time in the same area, each creating hazards for the other.",abbreviation,exposure_cue,exposure_cue,"SIMOPS at GGS-2: scaffold erection above while flowline hot tapping going on niche, koi coordination nahi.",,,medium,IOGP / generic oil & gas,1,,
SLI,"[""safe load indicator"", ""ASLI"", ""SLI not working"", ""SLI kharab"", ""SLI bypass"", ""load indicator"", ""SLI nahi hai"", ""load moment indicator"", ""LMI"", ""boom angle indicator""]",Crane safe load indicator that warns or cuts out on overload.,abbreviation,control_present,control_present,"Hydra SLI not working, load chart bhi nahi hai, 5 ton lift attempted with 2 slings.",Safe Mechanical Lifting,Safe Mechanical Lifting,high,Oil Mines Regulations 2017 lifting machinery; DGMS circulars on ASLI,1,,
SO,"[""safety officer"", ""SO sahab"", ""safety wale"", ""safety sir"", ""safety supervisor"", ""F&S officer"", ""HSE officer""]",Designated safety officer for the installation or contract.,abbreviation,,none,"SO ne site visit kiya, scaffold without tag, rokne ke baad bhi party ne kaam continue kiya.",,,high,Oil Mines Regulations 2017; OISD-RP-206,1,,
SOP,"[""standard operating procedure"", ""procedure"", ""SOP follow nahi"", ""SOP ke against"", ""SOP violate"", ""SOP violation"", ""एसओपी""]",Written standard procedure for an operation or maintenance task.,abbreviation,pseudo_control,pseudo_control,Operator bypassed SOP and opened separator drain manually while THP 30 ksc tha.,,,high,OISD-RP-206; common usage,1,,
SRP,"[""sucker rod pump"", ""SRP well"", ""SRP unit"", ""pump jack"", ""beam pump"", ""horse head"", ""SRP chal raha"", ""SRP well site"", ""counter weight""]","Sucker rod (beam) pumping unit on a well, with rotating counterweights and moving horse head.",abbreviation,energy_cue,energy_cue,"SRP well 11 horse head guard missing, counterweight rotating, helper paas khada tha.",,,high,ONGC / OIL production usage,1,,
SWA,"[""stop work authority"", ""stop work"", ""stop the job"", ""kaam roka"", ""kaam rok diya"", ""work stopped"", ""job stop kiya"", ""SWA card""]","Any worker's authority to stop an unsafe job, also the verb phrase reporting that work was stopped.",abbreviation,control_present,control_present,"Stop work by SO, kaam roka gaya, scaffold without ladder and toe board at tank T-3.",,,medium,IOGP Report 459 introduction; ONGC/OIL SWA practice,1,,
SWL,"[""safe working load"", ""SWL marking"", ""SWL nahi likha"", ""SWL not marked"", ""SWL exceed"", ""SWL se zyada"", ""WLL"", ""load chart""]","Maximum load a sling, hook, crane or lifting tackle is rated to carry, normally stamped or tagged on it.",abbreviation,pseudo_control,pseudo_control,"Chain pulley block used for pulling ESP cable, SWL marking nahi tha, hook latch missing.",Safe Mechanical Lifting,Safe Mechanical Lifting,high,Oil Mines Regulations 2017 (lifting machinery); IS 3177,1,,
T/F,"[""TF"", ""transformer"", ""T/F yard"", ""xmer"", ""transformer yard"", ""T/F oil leak"", ""S/S"", ""substation"", ""sub station""]","Transformer, written T/F in Indian electrical shorthand; substation is S/S.",abbreviation,energy_cue,energy_cue,"T/F yard fencing gate open at GGS, oil leak from T/F, fire sand bucket nahi.",,,high,common Indian electrical usage,1,,
TBT,"[""tool box talk"", ""toolbox talk"", ""toolbox"", ""tool box"", ""TBT nahi hua"", ""TBT nhi liya"", ""TBT record"", ""TBT sheet"", ""टूल बॉक्स""]",Short pre-job briefing given to the crew before starting work.,abbreviation,pseudo_control,pseudo_control,"Night shift TBT nahi hua, crew directly BHA handling pe chala gaya rig floor par.",,,high,common Indian oil & gas HSE practice; OISD-RP-206,1,,
TDS,"[""top drive"", ""top drive system"", ""TD"", ""top drive rig"", ""top drive ke niche""]","Top drive system on a drilling rig, rotating and hoisting the drill string.",abbreviation,energy_cue,energy_cue,"TDS torque wrench line snapped on rig 5, hook load high, koi guard nahi tha.",,,high,generic drilling; IADC,1,,
THP,"[""tubing head pressure"", ""THP 40 ksc"", ""CHP"", ""casing head pressure"", ""FTHP"", ""SITHP"", ""well pressure"", ""wellhead pressure"", ""WHP""]","Tubing head (or casing head) pressure at the wellhead, the main indicator of stored pressure energy.",abbreviation,energy_cue,energy_cue,"Sample point opened at THP 40 ksc without needle valve, direct 1 inch valve use kiya.",,,high,ONGC / OIL production reports,1,,
TP,"[""tool pusher"", ""toolpusher"", ""T.P."", ""TP sahab"", ""rig superintendent"", ""drilling in-charge"", ""rig I/C""]","Tool pusher, the rig in-charge for drilling operations; TP also means test pressure in piping context.",abbreviation,,none,"TP not on floor during tripping, driller alone, derrickman without fall arrestor.",,,medium,ONGC drilling designation; IADC,1,,
TPI,"[""third party inspection"", ""TPI certificate"", ""TPI cert"", ""TPI nahi tha"", ""TPI expired"", ""TPI due"", ""third party certified"", ""test certificate"", ""TC""]","Periodic inspection and certification of lifting gear, cranes, pressure vessels or scaffolds by an approved external agency.",abbreviation,pseudo_control,pseudo_control,"Hydra sling used for BOP lifting, TPI certificate expired since March, colour tag missing.",Safe Mechanical Lifting,Safe Mechanical Lifting,high,Oil Mines Regulations 2017; ONGC/OIL contract clauses,1,,
U/G,"[""UG"", ""underground"", ""U/G cable"", ""U/G pipeline"", ""U/G line"", ""under ground"", ""buried line"", ""buried cable"", ""niche line hai"", ""zameen ke niche""]","Underground or buried cable or pipeline, a hazard for excavation.",abbreviation,energy_cue,energy_cue,"JCB digging on ROW at Ch 34, U/G OFC and 8 inch P/L route not marked, trial pit nahi.",,,high,common Indian usage,1,,
UA,"[""unsafe act"", ""UA/UC"", ""UA UC"", ""UA report"", ""unsafe act report"", ""unsafe act observed"", ""असुरक्षित कार्य""]","Unsafe act by a person, the report type prefix for behaviour observations.",abbreviation,statement_cue,statement_type,UA: helper standing under suspended load during pipe unloading at pipe yard.,,,high,common Indian HSE reporting format,1,,
UC,"[""unsafe condition"", ""UC report"", ""unsafe condition report"", ""unsafe condition observed"", ""असुरक्षित स्थिति""]","Unsafe physical condition of equipment or workplace, the report type prefix for condition observations.",abbreviation,statement_cue,statement_type,"UC: cellar pit at well 5 open without cover, night me light bhi nahi.",,,high,common Indian HSE reporting format,1,,
W/O,"[""WO"", ""workover"", ""work over"", ""W/O rig"", ""WO rig"", ""workover rig"", ""W.O."", ""वर्कओवर""]",Workover operation or rig; note WO also means work order in contract context.,abbreviation,,none,"W/O rig moving on narrow village road, mast section without escort vehicle, night time.",,,high,ONGC / OIL well services usage,1,,
WL,"[""wire line"", ""wireline"", ""WL unit"", ""WLU"", ""slick line"", ""slickline"", ""WL job"", ""logging unit"", ""logging job"", ""wire line lubricator""]",Wireline or slickline unit used for well logging and downhole tools under pressure.,abbreviation,energy_cue,energy_cue,"WL job at well 3, lubricator pressure test nahi hua, wire path me helper khada.",Line of Fire,Line of Fire,medium,ONGC / OIL well services usage,1,,
X-mas tree,"[""xmas tree"", ""christmas tree"", ""X-mas"", ""wellhead"", ""WH"", ""master valve"", ""wing valve"", ""xmas tree valve"", ""wellhead valve""]",Wellhead valve assembly controlling flow from the well.,abbreviation,energy_cue,energy_cue,"X-mas tree master valve stem leaking gas, wing valve bhi passing, cellar me gas.",,,high,API 6A; Oil Mines Regulations 2017,1,,
blind flange,"[""blind"", ""blank flange"", ""ब्लाइंड""]",A solid steel flange used to seal off the end of a piping system.,barrier,control_present,control_present,Manifold drain left open without blind flange installed.,Energy Isolation,Energy Isolation,high,Piping and isolation standard.,1,,
ELCB,"[""earth leakage circuit breaker"", ""RCCB"", ""ईएलसीबी"", ""RCD"", ""ELCB nahi laga"", ""ELCB bypass"", ""ELCB not working"", ""earth leakage"", ""MCB"", ""miniature circuit breaker"", ""MCB bypass"", ""fuse wire""]",Safety device used in electrical installations to prevent shock by detecting leakage to earth.,barrier,control_present,control_present,Temporary camp power supply bypassed ELCB.,Bypassing Safety Controls,Bypassing Safety Controls,high,Electrical installation rules.,2,"[{""field"": ""meaning"", ""kept"": ""Safety device used in electrical installations to prevent shock by detecting leakage to earth."", ""dropped"": ""Earth leakage or residual current breaker protecting against electric shock from portable equipment.""}, {""field"": ""category"", ""kept"": ""barrier"", ""dropped"": ""abbreviation""}, {""field"": ""example_line"", ""kept"": ""Temporary camp power supply bypassed ELCB."", ""dropped"": ""Welding machine at site connected without ELCB, RCCB bypass kiya hua, earthing wire loose.""}]","[""Welding machine at site connected without ELCB, RCCB bypass kiya hua, earthing wire loose.""]"
fire extinguisher,"[""DCP"", ""CO2 cylinder"", ""fire bottle"", ""अग्निशामक""]",Portable device for discharging chemicals to put out small fires.,barrier,control_present,control_present,Hot work chal raha tha bina fire extinguisher stand-by ke.,Hot Work,Hot Work,high,OISD-STD-189.,1,,
fire monitor,"[""water monitor"", ""foam monitor"", ""मॉनिटर""]","High-capacity, stationary water/foam jet used for firefighting in terminals.",barrier,control_present,control_present,GGS water monitor rotation jammed due to rust.,,,high,OISD standards for production installations.,1,,
flash back arrestor,"[""FBA"", ""flashback arrestor"", ""एफबीए""]",Safety device in oxy-fuel welding/cutting to prevent flame from traveling back to cylinders.,barrier,control_present,control_present,Flash back arrestor missing on torch end of DA cylinder.,Bypassing Safety Controls,Bypassing Safety Controls,medium,Hot work safety standard.,1,,
gas detector,"[""multigas meter"", ""Lel meter"", ""गैस डिटेक्टर""]",Portable device to measure presence of explosive or toxic gases.,barrier,control_present,control_present,Confined space entry kiya without gas detector reading.,Confined Space,Confined Space,high,Work permit safety requirements.,1,,
handrail,"[""guardrail"", ""railing"", ""हैंडरेल""]",A rail fixed to posts on a platform or stairway to prevent falls.,barrier,control_present,control_present,Mud tank stair handrail broken by hydra impact.,Working at Height,Working at Height,high,Platform safety regulations.,1,,
NRV,"[""non return valve"", ""check valve"", ""एनआरवी"", ""non-return valve"", ""NRV passing"", ""NRV nahi laga"", ""NRV kharab""]",Valve that allows fluid to flow in one direction only.,barrier,control_present,control_present,Gas lift line NRV passing backwards during shutdown.,Energy Isolation,Energy Isolation,high,Piping engineering standard.,2,"[{""field"": ""meaning"", ""kept"": ""Valve that allows fluid to flow in one direction only."", ""dropped"": ""One-way valve preventing backflow in a line.""}, {""field"": ""category"", ""kept"": ""barrier"", ""dropped"": ""abbreviation""}, {""field"": ""example_line"", ""kept"": ""Gas lift line NRV passing backwards during shutdown."", ""dropped"": ""NRV on gas lift line to well 7 passing, back pressure aa raha, koi isolation nahi.""}]","[""NRV on gas lift line to well 7 passing, back pressure aa raha, koi isolation nahi.""]"
PSV,"[""pressure safety valve"", ""safety relief valve"", ""PRV"", ""पीएसवी"", ""safety valve"", ""relief valve"", ""SRV"", ""PSV bypass"", ""PSV isolated"", ""PSV due"", ""PSV testing"", ""PSV passing"", ""PSV pop test""]",Fail-safe valve designed to open and relieve excess pressure from vessels.,barrier,control_present,control_present,Compressor discharge PSV calibration overdue.,Bypassing Safety Controls,Bypassing Safety Controls,high,Process safety management standard.,2,"[{""field"": ""meaning"", ""kept"": ""Fail-safe valve designed to open and relieve excess pressure from vessels."", ""dropped"": ""Spring loaded valve that relieves overpressure from a vessel or line.""}, {""field"": ""category"", ""kept"": ""barrier"", ""dropped"": ""abbreviation""}, {""field"": ""example_line"", ""kept"": ""Compressor discharge PSV calibration overdue."", ""dropped"": ""PSV of HP separator isolated with block valve, bypass nahi hai, test due since 2 saal.""}]","[""PSV of HP separator isolated with block valve, bypass nahi hai, test due since 2 saal.""]"
SCBA,"[""breathing apparatus"", ""BA set"", ""एससीबीए"", ""self contained breathing apparatus"", ""B.A. set"", ""BA"", ""SCBA set"", ""SCBA nahi tha"", ""BA set kharab"", ""air line mask"", ""EEBD"", ""escape set""]",Self-Contained Breathing Apparatus used in toxic gas environments.,barrier,control_present,control_present,Rescue team SCBA cylinder pressure found below 100 bar during drill.,Confined Space,Confined Space,high,Emergency response procedures.,2,"[{""field"": ""meaning"", ""kept"": ""Self-Contained Breathing Apparatus used in toxic gas environments."", ""dropped"": ""Breathing apparatus worn in H2S or oxygen deficient atmosphere.""}, {""field"": ""category"", ""kept"": ""barrier"", ""dropped"": ""abbreviation""}, {""field"": ""safety_signal"", ""kept"": ""control_present"", ""dropped"": ""pseudo_control""}, {""field"": ""example_line"", ""kept"": ""Rescue team SCBA cylinder pressure found below 100 bar during drill."", ""dropped"": ""SCBA set at GCS control room cylinder pressure 80 bar only, mask strap toota hua.""}]","[""SCBA set at GCS control room cylinder pressure 80 bar only, mask strap toota hua.""]"
spade,"[""slip blind"", ""spectacle blind"", ""isolation spade"", ""स्पेड""]",A solid piece of metal inserted between two flanges to provide positive isolation.,barrier,control_present,control_present,Spade insert kiya without LOTO verification.,Energy Isolation,Energy Isolation,high,Energy Isolation / LOTO guidelines.,1,,
bolero,"[""camper"", ""pickup"", ""Mahindra Bolero"", ""बोलेरो""]",A specific brand of SUV/Pickup heavily utilized as a utility vehicle in Indian O&G fields.,equipment,energy_cue,energy_cue,Bolero parked inside hazardous area without valid vehicle pass.,Driving,Driving,high,Common Indian field transport.,1,,
BOP,"[""blow out preventer"", ""बीओपी"", ""blowout preventer"", ""BOP stack"", ""BOP test"", ""BOP test nahi hua"", ""BOP ka test"", ""annular"", ""ram"", ""pipe ram"", ""blind ram"", ""IBOP"", ""kelly cock"", ""HCR valve"", ""choke manifold""]",Critical well control equipment installed on the wellhead to prevent release of well fluids.,equipment,control_present,control_present,BOP ram function test delayed by driller shift change.,Bypassing Safety Controls,Bypassing Safety Controls,high,Standard drilling terminology; OISD-STD-174.,2,"[{""field"": ""meaning"", ""kept"": ""Critical well control equipment installed on the wellhead to prevent release of well fluids."", ""dropped"": ""Well control equipment on the wellhead used to close the well during drilling or workover.""}, {""field"": ""category"", ""kept"": ""equipment"", ""dropped"": ""abbreviation""}, {""field"": ""example_line"", ""kept"": ""BOP ram function test delayed by driller shift change."", ""dropped"": ""BOP test nahi hua after nipple-up, IBOP bhi rig floor pe nahi mila, drilling start kar diya.""}]","[""BOP test nahi hua after nipple-up, IBOP bhi rig floor pe nahi mila, drilling start kar diya.""]"
bowser,"[""water bowser"", ""fuel bowser"", ""tanker"", ""ब्राउज़र"", ""बाउजर""]","A mobile tank used for transporting water, diesel, or chemicals to the rig site.",equipment,energy_cue,energy_cue,Diesel bowser decanting without earth pit connection.,Bypassing Safety Controls,Bypassing Safety Controls,high,Indian industrial transport terminology.,1,,
cathead,"[""cat head"", ""makeup cathead"", ""breakout cathead""]",A spool on the drawworks used to pull lines for tongs.,equipment,energy_cue,energy_cue,Cathead chain broken during heavy pull.,Line of Fire,Line of Fire,medium,"Legacy rig equipment, still common in older PSU workover rigs.",1,,
chain block,"[""chain pulley block"", ""CPB"", ""चेन ब्लॉक""]","A lifting mechanism using a chain, operated manually to lift heavy loads.",equipment,energy_cue,energy_cue,Using damaged chain block to lift mud pump fluid end.,Safe Mechanical Lifting,Safe Mechanical Lifting,high,Lifting and rigging standard.,1,,
choke manifold,"[""choke"", ""manifold"", ""चोक मैनिफोल्ड""]",System of valves and chokes used to lower the pressure from the wellhead.,equipment,energy_cue,energy_cue,Choke manifold valve body showing severe erosion.,,,high,Well control equipment.,1,,
d-shackle,"[""D shackle"", ""bow shackle"", ""shackle"", ""डी शैकल""]",U-shaped load-bearing connecting device used in rigging.,equipment,energy_cue,energy_cue,Local make D-shackle used without SWL marking.,Safe Mechanical Lifting,Safe Mechanical Lifting,high,Rigging hardware terminology.,1,,
DB box,"[""distribution board"", ""distribution box"", ""डीबी बॉक्स""]",Component of an electricity supply system that divides an electrical power feed into subsidiary circuits.,equipment,energy_cue,energy_cue,DB box cover missing near shale shaker motor.,Energy Isolation,Energy Isolation,high,Electrical safety standard.,1,,
drawworks,"[""draw works"", ""winch"", ""hoist"", ""ड्रॉवर्क्स""]",The primary hoisting machinery on a drilling rig.,equipment,energy_cue,energy_cue,Drawworks primary brake slipping while lowering drill string.,Bypassing Safety Controls,Bypassing Safety Controls,high,Standard rig equipment.,1,,
elevator,"[""pipe elevator"", ""center latch elevator"", ""एलीवेटर""]",Hinged mechanism wrapped around drill pipe or casing to facilitate lifting.,equipment,energy_cue,energy_cue,Elevator latch nahi laga tha properly while pulling out.,Safe Mechanical Lifting,Safe Mechanical Lifting,high,Rig floor operations manuals.,1,,
extension board,"[""extension cord"", ""multiplug"", ""एक्सटेंशन बोर्ड""]",Portable electrical board to provide multiple sockets from one source.,equipment,energy_cue,energy_cue,Industrial plug na hoke domestic extension board was used in OCS.,,,high,Hinglish electrical term.,1,,
farana,"[""F-15"", ""Escorts crane"", ""फराना""]","Another brand/type of mobile pick-and-carry crane popular in India, similar to Hydra but slightly different design.",equipment,energy_cue,energy_cue,Farana crane outrigger not fully extended on soft soil.,Safe Mechanical Lifting,Safe Mechanical Lifting,medium,Indian construction and O&G site vernacular.,1,,
flare stack,"[""flare pit"", ""flare line"", ""फ्लेयर""]",Elevated vertical structure or horizontal pit used to safely burn off unusable gas.,equipment,release_cue,release_cue,"Flare stack pilot burner extinguished, raw gas venting observed.",Bypassing Safety Controls,Bypassing Safety Controls,high,GGS / Production facility standard.,1,,
flowline,"[""flow line"", ""delivery line"", ""फ्लोलाइन""]",Pipe carrying fluid from the wellhead to the gathering station.,equipment,energy_cue,energy_cue,Oil leak from 4 inch flowline near village crossing.,,,high,Pipeline and production terminology.,1,,
gas cutting set,"[""oxy acetylene set"", ""DA cylinder"", ""कटिंग सेट""]","Equipment consisting of gas cylinders, hoses, and a torch used to cut metal.",equipment,energy_cue,energy_cue,"Gas cutting set hoses not having jubilee clamps, tied with wire.",Hot Work,Hot Work,high,Hot work equipment terminology.,1,,
grating,"[""floor grating"", ""walkway grating"", ""ग्रेटिंग""]",A framework of metal bars used as a walking surface on platforms and rigs.,equipment,exposure_cue,exposure_cue,"Monkey board grating loosely fitted, tripping hazard.",Working at Height,Working at Height,high,Structural safety terminology.,1,,
grinder,"[""angle grinder"", ""AG4"", ""AG7"", ""ग्राइंडर""]",Handheld power tool used for grinding and cutting metal.,equipment,energy_cue,energy_cue,Contractor using angle grinder without wheel guard in scrap yard.,Bypassing Safety Controls,Bypassing Safety Controls,high,Common power tool in construction/maintenance.,1,,
halogen light,"[""flood light"", ""metal halide"", ""हैलोजन""]",High-intensity temporary lighting used for night operations on rigs.,equipment,energy_cue,energy_cue,Non-flameproof halogen light used near shale shaker area during night shift.,Work Authorisation,Work Authorization,medium,Rig electrical safety findings.,1,,
heater treater,"[""treater"", ""emulsion treater"", ""हीटर ट्रीटर""]",Vessel that uses heat to break oil-water emulsions in production facilities.,equipment,energy_cue,energy_cue,Heater treater fire tube inspection pending since 2 years.,,,medium,Oil gathering station standards.,1,,
hydra,"[""hydra crane"", ""हाइड्रा"", ""pick and carry""]","Locally manufactured pick-and-carry mobile crane, widely used but prone to tipping.",equipment,energy_cue,energy_cue,"Hydra se casing pipe utha raha tha, tag line use nahi kiya.",Safe Mechanical Lifting,Safe Mechanical Lifting,high,Common Indian O&G field vernacular; OISD alerts on hydra crane incidents.,1,,
jcb,"[""backhoe loader"", ""excavator"", ""जेसीबी"", ""backhoe"", ""poclain"", ""JCB se digging"", ""JCB chal raha tha"", ""JCB operator""]",Generic term used for any backhoe loader or earthmoving equipment.,equipment,energy_cue,energy_cue,JCB working near live flowline without spotter presence.,Line of Fire,Line of Fire,high,Common Hinglish usage in civil/pipeline works.,2,"[{""field"": ""meaning"", ""kept"": ""Generic term used for any backhoe loader or earthmoving equipment."", ""dropped"": ""Brand name used generically for any backhoe loader or excavator, common in pipeline ROW and civil work.""}, {""field"": ""category"", ""kept"": ""equipment"", ""dropped"": ""abbreviation""}, {""field"": ""example_line"", ""kept"": ""JCB working near live flowline without spotter presence."", ""dropped"": ""JCB digging on ROW at Ch 21, bucket 1 m from live 8 inch line, no line locator.""}]","[""JCB digging on ROW at Ch 21, bucket 1 m from live 8 inch line, no line locator.""]"
jhoola,"[""suspended platform"", ""bosun chair"", ""boatswain chair"", ""झूला""]","A suspended seat or platform used for working at heights, often makeshift in India.",equipment,exposure_cue,exposure_cue,Painter jhoola par tha without anchoring life line to permanent structure.,Working at Height,Working at Height,high,Indian industrial vernacular.,1,,
kelly,"[""kelly spinner"", ""केली""]",A multi-sided pipe that transfers rotary motion to the drill string.,equipment,energy_cue,energy_cue,Kelly bushing unseated while circulating.,Line of Fire,Line of Fire,high,Conventional rig terminology.,1,,
man riding winch,"[""manrider"", ""personnel winch"", ""मैन राइडिंग""]",A specialized winch certified for hoisting personnel in a harness or basket.,equipment,exposure_cue,exposure_cue,Utility air winch used instead of man riding winch for mast inspection.,Safe Mechanical Lifting,Safe Mechanical Lifting,high,IOGP lifting standards.,1,,
monkey board,"[""monkey derrick"", ""मंकी बोर्ड"", ""thribble board"", ""derrick board""]",Platform high in the derrick where the derrickman handles the top of the drill pipe.,equipment,exposure_cue,exposure_cue,Derrickman going to monkey board without double lanyard harness.,Working at Height,Working at Height,high,Standard rig terminology / Oil Mines Regulations.,1,,
mousehole,"[""mouse hole"", ""माउस होल""]",A shallow hole drilled under the rig floor to temporarily hold the next joint of drill pipe.,equipment,exposure_cue,exposure_cue,"Mousehole cover missing on rig floor, open hole hazard.",Line of Fire,Line of Fire,high,Rig floor terminology.,1,,
mud pump,"[""slush pump"", ""triplex pump"", ""मड पंप""]",Large reciprocating pump used to circulate drilling fluid.,equipment,energy_cue,energy_cue,Mud pump relief valve isolated intentionally during high pressure operation.,Energy Isolation,Energy Isolation,high,Drilling equipment standard.,1,,
pig launcher,"[""launcher"", ""scraper trap"", ""पिग लॉन्चर""]",Equipment used to insert a pipeline pig into a pressurized pipeline.,equipment,energy_cue,energy_cue,Opening pig launcher door without bleeding pressure fully.,Energy Isolation,Energy Isolation,high,Pipeline operations manual.,1,,
pig receiver,"[""receiver"", ""receiving trap"", ""पिग रिसीवर""]",Equipment used to safely receive and remove a pipeline pig.,equipment,energy_cue,energy_cue,Pig receiver vent valve found choked during pigging operation.,Energy Isolation,Energy Isolation,high,Pipeline operations manual.,1,,
poclain,"[""पोकलेन"", ""poklain"", ""chain mount excavator""]","Tracked excavator, commonly referred to by the legacy brand name.",equipment,energy_cue,energy_cue,Poclain chain slipped on slushy rig approach road.,Driving,Driving,high,Field vernacular in Assam/North East O&G operations.,1,,
power tong,"[""hydraulic tong"", ""casing tong"", ""पावर टोंग""]",Hydraulically operated tool used to spin and torque tubulars.,equipment,energy_cue,energy_cue,"Power tong hydraulic hose burst, oil spread on rig floor.",Line of Fire,Line of Fire,high,Standard workover and drilling equipment.,1,,
rat hole,"[""rathole"", ""रैट होल""]",A hole in the rig floor where the kelly is temporarily stored.,equipment,exposure_cue,exposure_cue,"Rathole area housekeeping poor, slippery mud present.",,,high,Rig floor terminology.,1,,
scaffolding,"[""scaffold"", ""pala"", ""machan"", ""पाड़"", ""मचान""]",Temporary structure to support work crew and materials.,equipment,exposure_cue,exposure_cue,Scaffolding built with bamboo instead of metallic pipes at heater treater.,Working at Height,Working at Height,high,Construction and maintenance standard.,1,,
separator,"[""test separator"", ""group separator"", ""V-SEP"", ""H-SEP"", ""सेपरेटर""]",Pressure vessel used for separating well fluids into gas and liquid phases.,equipment,energy_cue,energy_cue,Separator liquid level high alarm bypassed in OCS.,Bypassing Safety Controls,Bypassing Safety Controls,high,Production facility equipment.,1,,
shale shaker,"[""shaker"", ""vibrating screen"", ""शेल शेकर""]",Vibrating screens used to separate drill cuttings from circulating drilling mud.,equipment,exposure_cue,exposure_cue,Worker cleaning shale shaker screen without hand gloves.,,,high,Solid control equipment terminology.,1,,
slips,"[""slip"", ""drill collar slip"", ""casing slip"", ""स्लिप""]",Wedge-shaped pieces of metal with teeth used to hold the drill string in the rotary table.,equipment,energy_cue,energy_cue,Roughneck slipped while handling casing slips on rig floor.,Line of Fire,Line of Fire,high,Standard rig equipment.,1,,
stabbing board,"[""casing stabbing board"", ""स्टैबिंग बोर्ड""]",A temporary platform in the derrick used by personnel to guide casing into the well.,equipment,exposure_cue,exposure_cue,"Stabbing board tie-off rope damaged, fall hazard.",Working at Height,Working at Height,high,Rig equipment manual.,1,,
standpipe,"[""stand pipe"", ""stand-pipe"", ""स्टैंडपाइप""]",A rigid metal pipe that provides a pathway for drilling mud to travel up the derrick.,equipment,energy_cue,energy_cue,Standpipe manifold gauge showing zero while pump is running.,Energy Isolation,Energy Isolation,high,Drilling mud circulation system.,1,,
sucker rod pump,"[""SRP"", ""nodding donkey"", ""pump jack"", ""एसआरपी""]",Artificial lift pumping unit on the surface of an oil well.,equipment,energy_cue,energy_cue,"SRP counterweight guard missing, unguarded rotating parts.",Energy Isolation,Energy Isolation,high,Production/Artificial Lift terminology.,1,,
tirfor,"[""wire rope hoist"", ""tirfor machine"", ""टिरफोर""]",A manually operated wire rope hoist used for pulling and tensioning.,equipment,energy_cue,energy_cue,"Tirfor se BOP align kar rahe the, handle bent.",Safe Mechanical Lifting,Safe Mechanical Lifting,high,Rigging operations terminology.,1,,
tongs,"[""rig tong"", ""manual tong"", ""rotary tong"", ""टोंग""]",Large wrenches used on the rig floor to make up or break out drill pipe.,equipment,energy_cue,energy_cue,"Manual tong jaw slipped during make up, hitting floorman leg.",Line of Fire,Line of Fire,high,Standard drilling/workover equipment.,1,,
top drive,"[""TDS"", ""top drive system"", ""टॉप ड्राइव""]",A mechanical device on a rig that provides clockwise torque to the drill string to drill.,equipment,energy_cue,energy_cue,Top drive link tilt mechanism got stuck midway.,Line of Fire,Line of Fire,high,Modern drilling operations.,1,,
tugger winch,"[""air winch"", ""utility winch"", ""tugger"", ""टगर विंच""]",Air or hydraulically operated utility winch on the rig floor.,equipment,energy_cue,energy_cue,Tugger winch wire rope condition poor and frayed.,Safe Mechanical Lifting,Safe Mechanical Lifting,medium,Drilling rig deck operations.,1,,
vacuum truck,"[""gully sucker"", ""suction truck"", ""वैक्यूम ट्रक""]",A tank truck equipped with a heavy-duty vacuum for sucking up oil spills or sludge.,equipment,energy_cue,energy_cue,Vacuum truck suction hose leaked spilling crude oil in cellar pit.,,,medium,Waste management and spill response.,1,,
web sling,"[""belt sling"", ""nylon sling"", ""वेब स्लिंग""]",Synthetic lifting strap used to lift fragile or regular loads without damage.,equipment,energy_cue,energy_cue,Web sling cut at edges used for motor lifting.,Safe Mechanical Lifting,Safe Mechanical Lifting,medium,Lifting accessories standard.,1,,
welding machine,"[""welding generator"", ""welding DG"", ""वेल्डिंग मशीन""]",Power supply unit used for arc welding.,equipment,energy_cue,energy_cue,"Welding machine earthing cable broken, risk of shock.",Hot Work,Hot Work,high,Maintenance equipment.,1,,
wireline unit,"[""slickline unit"", ""WLU"", ""वायरलाइन""]",Truck or skid-mounted winch equipment used to lower tools into the wellbore.,equipment,energy_cue,energy_cue,Wireline unit positioned upwind but exhaust missing spark arrestor.,Work Authorisation,Work Authorization,high,Well servicing terminology.,1,,
