id,source,source_file,record_type,sno,date_raw,date,date_year_assumed,shift,time_of_day,category_raw,category,sub_category,area_raw,area,department,unit,sub_location,observer_id,status,corrective_action,comments,extra,description,description_words,text,is_duplicate,duplicate_of,dup_kind,duplicate_ids
reg_near_miss_report_0001,register,near_miss_report.csv,near_miss,1,04-Mar,2024-03-04,True,,Day,Unsafe Act,UA,RISKY BEHAVIOR,9 PA,9 PA,,,,b5a18519,CLOSED,Conveyor safety training to be done,,,An operator almost fell on the conveyor while it was moving,11,An operator almost fell on the conveyor while it was moving,False,,,
reg_near_miss_report_0002,register,near_miss_report.csv,near_miss,2,08-Mar,2024-03-08,True,,Day,Unsafe condition,UC,SLIPS AND TRIPS,Dispatch,DISPATCH,,,,c507b030,CLOSED,Carpet unfolded and cut to fit the door surface,,,Driver slipped on the folded carpet at the dispatch entrance door,11,Driver slipped on the folded carpet at the dispatch entrance door,False,,,
reg_near_miss_report_0003,register,near_miss_report.csv,near_miss,3,10-Mar,2024-03-10,True,,Day,Unsafe condition,UC,NARROW ESCAPE,Corrugator,CORRUGATOR,,,,2d53bc92,CLOSED,,,,LOTO cabinet fell on the walkway,6,LOTO cabinet fell on the walkway,False,,,
reg_near_miss_report_0004,register,near_miss_report.csv,near_miss,4,14-Mar,2024-03-14,True,,Day,Unsafe condition,UC,SLIPS AND TRIPS,Corrugator,CORRUGATOR,,,,dc967e4c,OPEN,Safety shoes treads have no adequate grip on the epoxy floor,,,Slipped while loading reels on the cart. Slippery treads on the new safety shoes.,14,Slipped while loading reels on the cart. Slippery treads on the new safety shoes.,False,,,
reg_near_miss_report_0005,register,near_miss_report.csv,near_miss,5,15-Mar,2024-03-15,True,,Day,Unsafe Act,UA,RISKY BEHAVIOR,9 PB,9 PB,,,,ecd1830b,CLOSED,Enforcement of closing of the gurd to be done; Awareness traning on machine dangerous zones,,,One of none- machine operator was about to be hit by the counter ejector pusher,15,One of none- machine operator was about to be hit by the counter ejector pusher,False,,,
reg_near_miss_report_0006,register,near_miss_report.csv,near_miss,6,15-Mar,2024-03-15,True,,Day,Unsafe Act,UA,NARROW ESCAPE,9 PB,9 PB,,,,ecd1830b,CLOSED,Training on machine risky,,,Machine operator almost hit by the ratchet when it fell from the impression adjuster,14,Machine operator almost hit by the ratchet when it fell from the impression adjuster,False,,,
reg_near_miss_report_0007,register,near_miss_report.csv,near_miss,7,15-Mar,2024-03-15,True,,Day,Unsafe condition,UC,FALL RISK,Pin Long,PIN LONG,,,,8e2896cf,CLOSED,Ink spillage cleaned,,,Slippery drainage covers,3,Slippery drainage covers,False,,,
reg_near_miss_report_0008,register,near_miss_report.csv,near_miss,8,15-Mar,2024-03-15,True,,Day,Unsafe Act,UA,SLIPS AND TRIPS,Pin Long,PIN LONG,,,,267c1605,CLOSED,Bucket removed and placed at its desiganted area,,,Operator almost hit a bucket put near machine,8,Operator almost hit a bucket put near machine,False,,,
reg_near_miss_report_0009,register,near_miss_report.csv,near_miss,9,15-Mar,2024-03-15,True,,Day,Unsafe condition,UC,SLIPS AND TRIPS,Pin Long,PIN LONG,,,,eebe00a2,CLOSED,Water pipes to be properly harnessed,,,Operator nearly slipped on the water pipes,7,Operator nearly slipped on the water pipes,False,,,
reg_near_miss_report_0010,register,near_miss_report.csv,near_miss,10,20-Mar,2024-03-20,True,,Day,Unsafe condition,UC,SLIPS AND TRIPS,5 PA,5 PA,,,,0b06a922,CLOSED,Oil spillage cleaned immediately,,,Oil spillage in the floor,5,Oil spillage in the floor,False,,,
reg_near_miss_report_0011,register,near_miss_report.csv,near_miss,11,20-Mar,2024-03-20,True,,Day,Unsafe Act,UA,EQUIPMENT OPERATION AND MAINTENANCE,5 PA,5 PA,,,,42f990b1,CLOSED,Training done.,,,"PX4, PX3 and PX 2 pushed manually by technicians working on PX 5, a technician at the feeder section almost knocked by the moving units.",25,"PX4, PX3 and PX 2 pushed manually by technicians working on PX 5, a technician at the feeder section almost knocked by the moving units.",False,,,
reg_near_miss_report_0012,register,near_miss_report.csv,near_miss,12,20-Mar,2024-03-20,True,,Night,Unsafe condition,UC,FALL RISK,5 PA,5 PA,,,,0b06a922,CLOSED,Spillage cleaned immediately by the observer,,,Oil spillage on the floor-Poor grip on shoes,8,Oil spillage on the floor-Poor grip on shoes,False,,,
reg_near_miss_report_0013,register,near_miss_report.csv,near_miss,13,20-Mar,2024-03-20,True,,Night,Unsafe condition,UC,FALL RISK,9 PA,9 PA,,,,87b38b0a,CLOSED,Water spillage cleaned.,,,Slippery floor and poor grip on shoes,7,Slippery floor and poor grip on shoes,False,,,
reg_near_miss_report_0014,register,near_miss_report.csv,near_miss,14,22-Mar,2024-03-22,True,,Day,Unsafe condition,UC,SLIPS AND TRIPS,9 PB,9 PB,,,,2e93582c,CLOSED,,,,"A piece of metal kept near blower, it hit somebody but was not injured.",14,"A piece of metal kept near blower, it hit somebody but was not injured.",False,,,
reg_near_miss_report_0015,register,near_miss_report.csv,near_miss,15,23-Mar,2024-03-23,True,,Night,Unsafe Act,UA,SLIPS AND TRIPS,9 PA,9 PA,,,,f28cac16,CLOSED,Platform to be fixed.,,,Pallet roll on the feeder area not rotating,8,Pallet roll on the feeder area not rotating,False,,,
reg_near_miss_report_0016,register,near_miss_report.csv,near_miss,16,28-Mar,2024-03-28,True,,Day,Unsafe condition,UC,SLIPS AND TRIPS,5 PA,5 PA,,,,fe85a89f,CLOSED,,,,One operator slid at the feeder,6,One operator slid at the feeder,False,,,
reg_near_miss_report_0017,register,near_miss_report.csv,near_miss,17,30-Mar,2024-03-30,True,,Day,Unsafe condition,UC,SLIPS AND TRIPS,9 PA,9 PA,,,,b5a18519,CLOSED,,,,Near fall of an electrician due to slip on wet floor,11,Near fall of an electrician due to slip on wet floor,False,,,
reg_near_miss_report_0018,register,near_miss_report.csv,near_miss,18,04-Apr,2024-04-04,True,,Day,Unsafe condition,UC,SLIPS AND TRIPS,9 PB,9 PB,,,,35af6222,CLOSED,Oil cleaned up,,,Near fall due to oil spillage on the floor,9,Near fall due to oil spillage on the floor,False,,,
reg_near_miss_report_0019,register,near_miss_report.csv,near_miss,19,04-Apr,2024-04-04,True,,Day,Unsafe condition,UC,SLIPS AND TRIPS,5 PA,5 PA,,,,fe85a89f,CLOSED,Oil cleaned up,,,Slipped over spilled oil,4,Slipped over spilled oil,False,,,
reg_near_miss_report_0020,register,near_miss_report.csv,near_miss,20,12-Apr,2024-04-12,True,,Day,Unsafe condition,UC,SLIPS AND TRIPS,5 PA,5 PA,,,,fe85a89f,OPEN,,,,Slipped on the ditch inside the machine,7,Slipped on the ditch inside the machine,False,,,
reg_near_miss_report_0021,register,near_miss_report.csv,near_miss,21,13-Apr,2024-04-13,True,,Day,Unsafe condition,UC,NARROW ESCAPE,9 PA,9 PA,,,,b5a18519,CLOSED,Motor starter to be replaced and wiring checked,,,Nearly shocked by electricity at conveyor push button,8,Nearly shocked by electricity at conveyor push button,False,,,
reg_near_miss_report_0022,register,near_miss_report.csv,near_miss,22,24-Apr,2024-04-24,True,,Day,Unsafe condition,UC,NARROW ESCAPE,Pin Long,PIN LONG,,,,553cb5d0,CLOSED,Sensor checked by electrician,,,A machine attendant almost hit on the head by boards while fell from the upstacker due to sensor failure,19,A machine attendant almost hit on the head by boards while fell from the upstacker due to sensor failure,False,,,
reg_near_miss_report_0023,register,near_miss_report.csv,near_miss,23,04-May,2024-05-04,True,,Day,Unsafe condition,UC,SLIPS AND TRIPS,9 pb,9 PB,,,,35af6222,CLOSED,Spillage cleaned immediately by the observer,,,A collique(machine attendant) almost fell after slipping on oil,9,A collique(machine attendant) almost fell after slipping on oil,False,,,
reg_near_miss_report_0024,register,near_miss_report.csv,near_miss,24,05-May,2024-05-05,True,,Day,Unsafe condition,UC,SLIPS AND TRIPS,9 PA,9 PA,,,,71cd518d,CLOSED,Carton placed on the floor,,,The floor was slippery while workin on the unit causing a slip,12,The floor was slippery while workin on the unit causing a slip,False,,,
reg_near_miss_report_0025,register,near_miss_report.csv,near_miss,25,08-May,2024-05-08,True,,Day,Unsafe condition,UC,SLIPS AND TRIPS,5 PA,5 PA,,,,fe85a89f,CLOSED,Spillage cleaned immediately by the observer,,,Slid on the slippery oil on the floor,8,Slid on the slippery oil on the floor,False,,,
reg_near_miss_report_0026,register,near_miss_report.csv,near_miss,26,10-May,2024-05-10,True,,Day,Unsafe condition,UC,SLIPS AND TRIPS,9 PB,9 PB,,,,ecd1830b,CLOSED,"Piece of contrax removed, employee taken through slips and trips awareness",,,A non-machine attendant was tied with a piece of contrax starpping but did not fall down,16,A non-machine attendant was tied with a piece of contrax starpping but did not fall down,False,,,
reg_near_miss_report_0027,register,near_miss_report.csv,near_miss,27,11-May,2024-05-11,True,,Day,Unsafe condition,UC,SLIPS AND TRIPS,9 PA,9 PA,,,,b5a18519,OPEN,Anti-slip shoes recommended.,Shoes replaced for engineering team,,An operator slided on the slippery sludge covers almost falling dow,11,An operator slided on the slippery sludge covers almost falling dow,False,,,
reg_near_miss_report_0028,register,near_miss_report.csv,near_miss,28,12-May,2024-05-12,True,,Day,Unsafe condition,UC,NARROW ESCAPE,9 PA,9 PA,,,,bf89a333,CLOSED,Repaired by the electrician; Slippery carton waste removed and advised not to through carton waste on the floor.,,,Short circuiting on receiver belt conveyor controller,7,Short circuiting on receiver belt conveyor controller,False,,,
reg_near_miss_report_0029,register,near_miss_report.csv,near_miss,29,25-May,2024-05-25,True,,Day,Unsafe condition,UC,SLIPS AND TRIPS,5 PA,5 PA,,,,fe85a89f,CLOSED,,,,An operator slid at the feeder area,7,An operator slid at the feeder area,False,,,
reg_near_miss_report_0030,register,near_miss_report.csv,near_miss,30,29-May,2024-05-29,True,,Night,Unsafe condition,UC,NARROW ESCAPE,Pin Long,PIN LONG,,,,fc296bfe,CLOSED,Blower suction point guarded.,,,Flying particle dangling inside the blower suction point,8,Flying particle dangling inside the blower suction point,False,,,
reg_near_miss_report_0031,register,near_miss_report.csv,near_miss,31,30-May,2024-05-30,True,,Day,Unsafe condition,UC,SLIPS AND TRIPS,Pin Long,PIN LONG,,,,e4e58f55,CLOSED,Spillage addressed,,,Slipped on oil spilled due to overflow on PX 1 unit,11,Slipped on oil spilled due to overflow on PX 1 unit,False,,,
reg_near_miss_report_0032,register,near_miss_report.csv,near_miss,32,04-Jun,2024-06-04,True,,Night,Unsafe Act,UA,SLIPS AND TRIPS,Engineering Stores,ENGINEERING STORES,,,,e4e58f55,CLOSED,Pallets removed,,,Tripped on pallets kept along the gangway,7,Tripped on pallets kept along the gangway,False,,,
reg_near_miss_report_0033,register,near_miss_report.csv,near_miss,33,08-Jun,2024-06-08,True,,Day,Unsafe condition,UC,SLIPS AND TRIPS,Sterio room,STERIO ROOM,,,,b6007566,CLOSED,The entire racking system to be repaired,,,Sterio plate rack collapsed,4,Sterio plate rack collapsed,False,,,
reg_near_miss_report_0034,register,near_miss_report.csv,near_miss,34,13-Jun,2024-06-13,True,,Day,Unsafe condition,UC,NARROW ESCAPE,9 PA,9 PA,,,,13f8146f,CLOSED,Oil spillage cleaned immediately,,,Slipped on oil spilled on the floor,7,Slipped on oil spilled on the floor,False,,,
reg_near_miss_report_0035,register,near_miss_report.csv,near_miss,35,07-Jun,2024-06-07,True,,Day,Unsafe condition,UC,NARROW ESCAPE,PPO Laminator machin,PPO LAMINATOR MACHIN,,,,56c60d15,CLOSED,Crane serviced and lifting ropes replaced,,,Laminator overhead crane collapsed due to lifting rope failure,9,Laminator overhead crane collapsed due to lifting rope failure,False,,,
reg_near_miss_report_0036,register,near_miss_report.csv,near_miss,36,24-Jun,2024-06-24,True,,Day,Unsafe condition,UC,SLIPS AND TRIPS,Corrugator,CORRUGATOR,,,,d335a563,CLOSED,Oil resistant shoes recommended and being followed up through HR office.,Anti-slip shoes issued to all technician,,Engineering technician slipped on the glue at corrugator area,9,Engineering technician slipped on the glue at corrugator area,False,,,
reg_near_miss_report_0037,register,near_miss_report.csv,near_miss,37,26-Jun,2024-06-26,True,,Night,Unsafe condition,UC,SLIPS AND TRIPS,Pin Long,PIN LONG,,,,e4e58f55,CLOSED,Removed motor cover taken back,,,One operator stepped on the removed motor cover almost falling,10,One operator stepped on the removed motor cover almost falling,False,,,
reg_near_miss_report_0038,register,near_miss_report.csv,near_miss,38,20-Jul,2024-07-20,True,,Day,Unsafe condition,UC,SLIPS AND TRIPS,Pin Long,PIN LONG,,,,e4e58f55,CLOSED,Leaking pipe replaced,,,Slipped on leaking lubricating oil on the floor near chamber drain,11,Slipped on leaking lubricating oil on the floor near chamber drain,False,,,
reg_near_miss_report_0039,register,near_miss_report.csv,near_miss,39,01-Aug,2024-08-01,True,,Night,Unsafe condition,UC,SLIPS AND TRIPS,Pin Long,PIN LONG,,,,e4e58f55,CLOSED,Leakage arrested,,,Slipped omn the leaking oil at the vibrator unit,9,Slipped omn the leaking oil at the vibrator unit,False,,,
reg_near_miss_report_0040,register,near_miss_report.csv,near_miss,40,02-Aug,2024-08-02,True,,Day,Unsafe Act,UA,EQUIPMENT OPERATION AND MAINTENANCE,CCD Baling machine,CCD BALING MACHINE,,,,d29a7777,CLOSED,LOTO device fixed on the emergency button for safe operation while fixing binding wire,,,Machine operator switched on baling machine while fixing binding wire inside the machie,13,Machine operator switched on baling machine while fixing binding wire inside the machie,False,,,
reg_near_miss_report_0041,register,near_miss_report.csv,near_miss,41,02-Aug,2024-08-02,True,,Day,Unsafe condition,UC,SLIPS AND TRIPS,9 PA,9 PA,,,,b5a18519,OPEN,Shoes lack enough grip,,,Slipped on sludge covers,4,Slipped on sludge covers,False,,,
reg_near_miss_report_0042,register,near_miss_report.csv,near_miss,42,15-Aug,2024-08-15,True,,Day,Unsafe condition,UC,FALLING OBJECTS,9PB Strapping area,9 PB STRAPPING AREA,,,,ecd1830b,CLOSED,Standard of stacking to be enforced by the line leader,,,One of the dispatch attendant was about to be injured when bundles of boxes fell while he was picking palletized finished goods-High stacking,23,One of the dispatch attendant was about to be injured when bundles of boxes fell while he was picking palletized finished goods-High stacking,False,,,
reg_near_miss_report_0043,register,near_miss_report.csv,near_miss,43,16-Aug,2024-08-16,True,,Night,Unsafe condition,UC,SLIPS AND TRIPS,Pin Long,PIN LONG,,,,8e2896cf,CLOSED,Rollers to be realigned.,,,Slipped on the unbalanced rollers,5,Slipped on the unbalanced rollers,False,,,
reg_near_miss_report_0044,register,near_miss_report.csv,near_miss,44,10-Sep,2024-09-10,True,,Day,Unsafe condition,UC,SLIPS AND TRIPS,Pin Long,PIN LONG,,,,a789e219,CLOSED,Oil spillage cleaned immediately,,,Slipped on spilled oil,4,Slipped on spilled oil,False,,,
reg_near_miss_report_0045,register,near_miss_report.csv,near_miss,45,20-Sep,2024-09-20,True,,Day,Unsafe Act,UA,NARROW ESCAPE,Dispatch,DISPATCH,,,,d335a563,CLOSED,Enforce use of pedestrian walkway. Conside installation of walkway stop gate.,,,CCTV controller almost knocked by loaded trolley,7,CCTV controller almost knocked by loaded trolley,False,,,
reg_near_miss_report_0046,register,near_miss_report.csv,near_miss,46,25-Sep,2024-09-25,True,,Day,Unsafe Act,UA,FALLING OBJECTS,Reel Godown,REEL GODOWN,,,,d335a563,CLOSED,1.On-site traffic management reviewed. 2. All delivery trucks to have banksmen- To be implemented by the guards,,,Truck belonging to Agava transporters knocked several reels while reversing,10,Truck belonging to Agava transporters knocked several reels while reversing,False,,,
reg_near_miss_report_0047,register,near_miss_report.csv,near_miss,47,27-Sep,2024-09-27,True,,Day,Unsafe Act,UA,NARROW ESCAPE,Pin Long,PIN LONG,,,,267c1605,CLOSED,,,,Almost hit an operator with a manual pallet trolley,9,Almost hit an operator with a manual pallet trolley,False,,,
reg_near_miss_report_0048,register,near_miss_report.csv,near_miss,48,27-Sep,2024-09-27,True,,Day,Unsafe condition,UC,SLIPS AND TRIPS,9PB,9 PB,,,,bada3339,CLOSED,Placed rubber mats on the slippery ink drainage covers.,,,Slipped at the ink drainage area,6,Slipped at the ink drainage area,False,,,
reg_near_miss_report_0049,register,near_miss_report.csv,near_miss,49,06-Oct,2024-10-06,True,,Day,Unsafe Act,UA,FALL RISK,Corrugator,CORRUGATOR,,,,6e74391b,CLOSED,Warning signage erected in the area.,,,Machine attendant almost fell while passing under corrugator downstacker area,10,Machine attendant almost fell while passing under corrugator downstacker area,False,,,
reg_near_miss_report_0050,register,near_miss_report.csv,near_miss,50,11-Oct,2024-10-11,True,,Day,Unsafe Act,UA,NARROW ESCAPE,Corrugator,CORRUGATOR,,,,ef3c11da,CLOSED,Pedestrians to use blue walkway - Corrugator operator to monitor,,,One of the printing attendants was almost hit by a trolley while moving arund the downstacker ramp,17,One of the printing attendants was almost hit by a trolley while moving arund the downstacker ramp,False,,,
reg_near_miss_report_0051,register,near_miss_report.csv,near_miss,51,23-Oct,2024-10-23,True,,Day,Unsafe condition,UC,SLIPS AND TRIPS,Pin Long,PIN LONG,,,,a789e219,OPEN,,,,An operator tripped on the water pipes on the floor,10,An operator tripped on the water pipes on the floor,False,,,
reg_near_miss_report_0052,register,near_miss_report.csv,near_miss,52,27-Oct,2024-10-27,True,,Day,Unsafe condition,UC,FALL RISK,Corrugator,CORRUGATOR,,,,bf241758,CLOSED,,,,Boards slipped and fell while beimg moved to the printing machine,11,Boards slipped and fell while beimg moved to the printing machine,False,,,
reg_near_miss_report_0053,register,near_miss_report.csv,near_miss,53,07-Dec,2024-12-07,True,,Day,Unsafe condition,UC,FALL RISK,5 PA,5 PA,,,,b9319086,CLOSED,Area barricaded and the employees in the are were alaerted,,,Uncovered manhole,2,Uncovered manhole,False,,,
reg_near_miss_report_0054,register,near_miss_report.csv,near_miss,54,18-Dec,2024-12-18,True,,Day,Unsafe condition,UC,FALL RISK,6PAN,6 PAN,,,,d335a563,CLOSED,Boards removed from the area,,,TCY Engineer slipped on carton board placed on the floor,10,TCY Engineer slipped on carton board placed on the floor,False,,,
reg_near_miss_report_0055,register,near_miss_report.csv,near_miss,55,23-Dec,2024-12-23,True,,Day,Unsafe condition,UC,SLIPS AND TRIPS,5 PA,5 PA,,,,316431a8,CLOSED,,,,Machine attendant triped on the drainange cover near slotting unit,10,Machine attendant triped on the drainange cover near slotting unit,False,,,
reg_near_miss_report_0056,register,near_miss_report.csv,near_miss,56,28-Dec,2024-12-28,True,,Day,Unsafe Act,UA,NARROW ESCAPE,6PAN,6 PAN,,,,d335a563,CLOSED,Technician caustioned to be alert and adhere to safe lifting procedures in place,,,Engineering technician almost pinched on the left hand while installing 6 PAN starpping machine,14,Engineering technician almost pinched on the left hand while installing 6 PAN starpping machine,False,,,
