id,gold_id,source,record_type,text,words,language,script,sif_potential,confidence,statement_type,statement_type_raw,life_saving_rules,lsr_raw,energy_types,energy_source_raw,barrier,barrier_raw,barrier_status,barrier_status_raw,exposure,trap_type_raw,trap_family,verdict_candidates,rationale,review_flags,split,fold
gold_R001,R001,gold_180,observation,Worker confined space me bina gas testing ke ghus gaya. Koi injury nahi hui.,14,hinglish,latin,YES,0.95,observed,observed,"[""Confined Space""]",Confined Space,"[""chemical""]",oxygen_deficiency,gas_test,gas test and entry permit,absent,failed,present,no_injury_but_sif,domain_scenario,"[""EXPOSURE"", ""P_SIF""]",Zero outcome but atmosphere unverified with person inside.,[],gold_test,3
gold_R002,R002,gold_180,observation,Cardboard box kholte time ungli me chota cut lag gaya. First aid diya.,13,hinglish,latin,NO,0.96,observed,observed,[],NONE,[],none,,none,,not_applicable,present,injury_but_low_sif,low_energy_or_numbers,"[""LOW_ENERGY"", ""NON_EVENT""]",Injury present but no lethal energy.,[],gold_test,2
gold_R003,R003,gold_180,observation,Panel ka LOTO nahi kiya gaya tha aur maintenance chalu tha. 415 V system.,14,hinglish,latin,YES,0.94,observed,observed,"[""Energy Isolation""]",Energy Isolation,"[""electrical""]",electrical,energy_isolation,isolation and LOTO verification,absent,failed,present,none,none,"[""EXPOSURE"", ""P_SIF""]",Live LV work with isolation absent.,[],gold_test,3
gold_R004,R004,gold_180,observation,"Suspended pipe achanak hil gaya, worker se lagbhag ek meter door se nikla.",13,hinglish,latin,YES,0.93,observed,observed,"[""Line of Fire""]",Line of Fire,"[""gravity"", ""mechanical""]",suspended_load,exclusion_zone,exclusion zone under load,absent,failed,present,near_miss,domain_scenario,"[""P_SIF"", ""EXPOSURE""]","Load in motion, person within strike radius.",[],gold_test,4
gold_R005,R005,gold_180,observation,Koi bhi worker confined space me nahi gaya aur na hi koi exposure hua.,14,hinglish,latin,NO,0.88,observed,observed,[],NONE,[],none,gas_test,gas test and entry permit,present_effective,intact,absent,negation,negation,"[""LOW_ENERGY"", ""NON_EVENT""]",Explicit negation. Keyword model will wrongly fire.,[],gold_test,4
gold_R006,R006,gold_180,observation,"Pichle mahine ek worker bina gas test ke tank me gaya tha, ab procedure update kar diya gaya hai.",19,hinglish,latin,NO,0.82,historical,historical,"[""Confined Space""]",Confined Space,"[""chemical""]",oxygen_deficiency,gas_test,gas test and entry permit,absent,failed,present,historical_reference,historical,"[""NON_EVENT""]",Historical and already actioned.,[],gold_test,2
gold_R007,R007,gold_180,observation,Agar valve fail ho jaye to personnel toxic gas ke exposure me aa sakte hain.,15,hinglish,latin,UNCERTAIN,0.5,hypothetical,hypothetical,[],NONE,"[""chemical""]",toxic_atmosphere,energy_isolation,containment,unknown,unknown,unknown,hypothetical,hypothetical,"[""NON_EVENT""]",No observed event.,[],gold_test,2
gold_R008,R008,gold_180,observation,"LOTO initially nahi tha, lekin kaam shuru karne se pehle isolation complete kar diya gaya.",15,hinglish,latin,UNCERTAIN,0.55,corrective_completed,corrective_closed,"[""Energy Isolation""]",Energy Isolation,"[""electrical""]",electrical,energy_isolation,isolation and LOTO verification,absent,failed,absent,corrective_done,corrective_completed,"[""INSUFFICIENT"", ""EXPOSURE""]",Barrier failed then corrected before exposure.,[],gold_test,4
gold_R009,R009,gold_180,observation,Isolation ka issue dekha gaya maintenance ke dauran.,8,hinglish,latin,UNCERTAIN,0.35,observed,observed,"[""Energy Isolation""]",Energy Isolation,"[""electrical""]",electrical,energy_isolation,isolation and LOTO verification,unknown,unknown,unknown,vague_stub,vague_or_unscorable,"[""INSUFFICIENT"", ""EXPOSURE""]",Insufficient detail to determine exposure.,[],gold_test,2
gold_R010,R010,gold_180,observation,Confined space ke andar welding chal rahi thi aur gas test nahi hua tha.,14,hinglish,latin,YES,0.96,observed,observed,"[""Confined Space""]",Confined Space,"[""thermal""]",thermal_fire,gas_test,gas test plus hot work permit,absent,failed,present,multi_rule,multi_rule_or_event,"[""EXPOSURE"", ""P_SIF""]",Two rules apply. Explosive atmosphere risk.,"[""multi_rule_but_single_lsr""]",gold_test,2
gold_R011,R011,gold_180,observation,"Derrick pe 12 meter height pe kaam kar raha tha, helmet ka chin strap khula tha.",16,hinglish,latin,YES,0.88,observed,observed,"[""Working at Height""]",Working at Height,"[""gravity""]",gravity_height,fall_arrest,fall protection and head protection,present_ineffective,degraded,present,ppe_x_height,contradiction_ppe,"[""EXPOSURE"", ""P_SIF""]",Trivial PPE finding becomes fatal precursor at height.,[],gold_test,1
gold_R012,R012,gold_180,observation,"Scaffolding se 1 ft niche gir gaya, ghutne pe halka scratch aaya.",12,hinglish,latin,NO,0.9,observed,observed,"[""Working at Height""]",Working at Height,"[""gravity""]",gravity_height,fall_arrest,fall protection,present_ineffective,degraded,present,numbers_matter,low_energy_or_numbers,"[""LOW_ENERGY"", ""SUCCESS"", ""NON_EVENT""]",The number decides. 1 ft carries no fatal energy.,[],gold_test,4
gold_R013,R013,gold_180,observation,Full body harness pehna hua tha lekin lanyard kahin anchor nahi kiya gaya tha. 8 m height.,17,hinglish,latin,YES,0.94,observed,observed,"[""Working at Height""]",Working at Height,"[""gravity""]",gravity_height,fall_arrest,fall arrest anchorage,absent,failed,present,contradictory_ppe,contradiction_ppe,"[""EXPOSURE"", ""P_SIF""]",PPE present but ineffective.,[],gold_test,2
gold_R014,R014,gold_180,observation,"Sab kuch 'perfect' tha, line isolate karne ki kisi ne zaroorat hi nahi samjhi.",14,hinglish,latin,YES,0.8,observed,observed,"[""Energy Isolation""]",Energy Isolation,"[""electrical""]",electrical,energy_isolation,isolation and LOTO verification,absent,failed,unknown,sarcasm,sarcasm_minimising,"[""EXPOSURE"", ""P_SIF""]",Sarcastic framing hides a real isolation failure.,[],gold_test,4
gold_R015,R015,gold_180,observation,"High pressure line damaged mili, area isolated tha aur koi personnel present nahi tha.",14,hinglish,latin,YES,0.75,observed,observed,[],NONE,"[""pressure""]",pressure,energy_isolation,primary containment,absent,failed,absent,process_safety_no_exposure,domain_scenario,"[""EXPOSURE"", ""P_SIF""]",Loss of containment is a process-safety precursor.,"[""sif_yes_no_lsr"", ""exposure_absent_but_sif_yes""]",gold_test,0
gold_R016,R016,gold_180,observation,"Monsoon me cellar pit me paani bhar gaya, workover operations chal rahe the.",13,hinglish,latin,YES,0.8,observed,observed,"[""Work Authorisation""]",Work Authorisation,"[""pressure""]",pressure,energy_isolation,BOP access and cellar drainage,present_ineffective,degraded,present,india_monsoon,india_context,"[""EXPOSURE"", ""P_SIF""]",Flooded cellar may block well-control access.,[],gold_test,2
gold_R017,R017,gold_180,observation,"Excavation 2.5 m deep thi, shoring nahi lagayi gayi, do worker andar kaam kar rahe the.",16,hinglish,latin,YES,0.93,observed,observed,"[""Bypassing Safety Controls""]",Bypassing Safety Controls,"[""gravity""]",excavation_collapse,exclusion_zone,shoring or benching,absent,failed,present,none,none,"[""EXPOSURE"", ""P_SIF""]",Unshored trench with occupants.,[],gold_test,2
gold_R018,R018,gold_180,observation,Gas detector ka reading zero aa raha tha aur calibration due tha. Compressor shed area.,15,hinglish,latin,YES,0.78,observed,observed,"[""Bypassing Safety Controls""]",Bypassing Safety Controls,"[""chemical""]",toxic_atmosphere,gas_test,gas detection,absent,failed,unknown,detection_barrier,capacity_or_barrier_status,"[""EXPOSURE"", ""P_SIF""]",Absence of alarm is not absence of gas.,[],gold_test,1
gold_R019,R019,gold_180,observation,Hot work permit expire ho chuka tha lekin welding tank ke paas continue thi.,14,hinglish,latin,YES,0.9,observed,observed,"[""Hot Work""]",Hot Work,"[""thermal""]",thermal_fire,ptw,valid permit to work,absent,failed,present,none,none,"[""EXPOSURE"", ""P_SIF""]",Ignition source near hydrocarbon storage without authorisation.,[],gold_test,2
gold_R020,R020,gold_180,observation,Crane ka outrigger soft soil me dhas raha tha jab load suspended tha.,13,hinglish,latin,YES,0.9,observed,observed,"[""Safe Mechanical Lifting""]",Safe Mechanical Lifting,"[""gravity"", ""mechanical""]",suspended_load,other,ground bearing assessment,absent,failed,present,india_soft_soil,india_context,"[""EXPOSURE"", ""P_SIF""]",Crane tipping with suspended load.,[],gold_test,2
gold_R021,R021,gold_180,observation,Worker ne bina SCBA ke H2S suspected area me entry ki.,11,hinglish,latin,YES,0.96,observed,observed,"[""Confined Space""]",Confined Space,"[""chemical""]",toxic_atmosphere,gas_test,respiratory protection and gas test,absent,failed,present,none,none,"[""EXPOSURE"", ""P_SIF""]",H2S causes rapid unconsciousness.,[],gold_test,1
gold_R022,R022,gold_180,observation,Nil,1,english,latin,UNCERTAIN,0.05,condition_only,unscorable,[],NONE,[],none,,none,unknown,unknown,unknown,unscorable,vague_or_unscorable,"[""INSUFFICIENT""]",Placeholder text.,"[""very_short_text""]",gold_test,2
gold_R023,R023,gold_180,observation,Same as above,3,english,latin,UNCERTAIN,0.05,condition_only,unscorable,[],NONE,[],none,,none,unknown,unknown,unknown,unscorable,vague_or_unscorable,"[""INSUFFICIENT""]",Reference without linkage.,"[""very_short_text""]",gold_test,3
gold_R024,R024,gold_180,observation,Achha kaam - team ne excavation ke around sahi barricading lagayi thi.,12,hinglish,latin,NO,0.92,observed,positive,[],NONE,[],none,exclusion_zone,barricading,present_effective,intact,absent,positive_observation,positive_observation,"[""LOW_ENERGY"", ""NON_EVENT""]","Good-practice entry, exclude from denominator.",[],gold_test,4
gold_R025,R025,gold_180,observation,Kripya GGS-3 ke area me extra lighting provide kiya jaye.,10,hinglish,latin,NO,0.88,hypothetical,suggestion,[],NONE,[],none,,none,,not_applicable,absent,suggestion_type,hypothetical,"[""NON_EVENT""]","Improvement request, not an event.",[],gold_test,0
gold_R026,R026,gold_180,observation,Do saal purane confined space fatality case ka study TBT me discuss kiya gaya.,14,hinglish,latin,NO,0.9,training_example,training,[],NONE,[],none,,none,,not_applicable,absent,training_content,other,"[""NON_EVENT""]",Training record with fatal vocabulary.,[],gold_test,2
gold_R027,R027,gold_180,observation,"Flange kholte waqt line depressurise confirm nahi kiya gaya tha, gas nikla, aag nahi lagi.",15,hinglish,latin,YES,0.94,observed,observed,"[""Energy Isolation""]",Energy Isolation,"[""pressure""]",pressure,other,depressurisation and double block bleed,absent,failed,present,no_injury_but_sif,domain_scenario,"[""P_SIF"", ""EXPOSURE""]",Uncontrolled release with personnel at break point.,[],gold_test,2
gold_R028,R028,gold_180,observation,"Ladder theek se secure nahi thi, worker 2.5 m pe kaam kar raha tha.",14,hinglish,latin,UNCERTAIN,0.55,observed,observed,"[""Working at Height""]",Working at Height,"[""gravity""]",gravity_height,other,ladder securing,absent,failed,present,borderline_height,low_energy_or_numbers,"[""INSUFFICIENT"", ""EXPOSURE""]",Genuine grey zone at this height.,[],gold_test,4
gold_R029,R029,gold_180,observation,"Workshop me jhaadu nahi lagaya gaya tha, floor pe dust tha.",11,hinglish,latin,NO,0.95,observed,observed,[],NONE,[],none,management_control,housekeeping,present_ineffective,degraded,present,trivial_housekeeping,other,"[""LOW_ENERGY"", ""NON_EVENT""]",No energy source.,[],gold_test,4
gold_R030,R030,gold_180,observation,"Machine room me oil spill floor pe tha, koi barricade nahi tha.",12,hinglish,latin,NO,0.78,observed,observed,[],NONE,[],none,exclusion_zone,housekeeping and barricading,absent,failed,present,trivial_housekeeping,other,"[""LOW_ENERGY"", ""NON_EVENT""]",Slip hazard without adjacent machinery.,[],gold_test,1
gold_R031,R031,gold_180,observation,"Crew bus ne kutcha road pe overtake kiya, driver mobile pe baat kar raha tha.",15,hinglish,latin,YES,0.85,observed,observed,"[""Driving""]",Driving,"[""motion""]",vehicle,other,journey management and distraction control,absent,failed,present,india_road,india_context,"[""EXPOSURE"", ""P_SIF""]",Road transport is the largest fatality contributor.,[],gold_test,3
gold_R032,R032,gold_180,observation,Bijli girne se GGS ke paas ek ped gir gaya. Koi injury nahi.,13,hinglish,latin,UNCERTAIN,0.55,observed,observed,[],NONE,"[""thermal""]",thermal_fire,other,lightning protection,unknown,unknown,absent,india_lightning,india_context,"[""INSUFFICIENT"", ""EXPOSURE""]",High strike density near tank farm.,[],gold_test,3
gold_R033,R033,gold_180,observation,"Raat me rig ke paas hathi aa gaye the, crew ko shelter me bheja gaya.",15,hinglish,latin,UNCERTAIN,0.45,observed,observed,[],NONE,"[""biological""]",biological,other,wildlife exclusion and response plan,present_effective,intact,absent,india_wildlife,india_context,"[""INSUFFICIENT"", ""EXPOSURE""]","Real mechanism, no IOGP rule, response worked.",[],gold_test,2
gold_R034,R034,gold_180,observation,"Garmi me worker ko chakkar aaya, use chhaya me le jaya gaya.",12,hinglish,latin,UNCERTAIN,0.5,observed,observed,[],NONE,[],none,other,heat stress management,present_ineffective,degraded,present,india_heat,india_context,"[""INSUFFICIENT""]",Heat stroke can be fatal. Actioned.,[],gold_test,3
gold_R035,R035,gold_180,observation,Pump P-104 se phir se leakage dekhi gayi.,8,hinglish,latin,UNCERTAIN,0.45,observed,observed,[],NONE,"[""pressure""]",pressure,energy_isolation,equipment integrity,present_ineffective,degraded,unknown,recurrence_signal,domain_scenario,"[""INSUFFICIENT"", ""EXPOSURE""]","Value comes from repetition, not this row.",[],gold_test,4
gold_R036,R036,gold_180,observation,"Pump P-104 ke gland se seepage report kiya gaya, third time is month.",13,hinglish,latin,UNCERTAIN,0.48,observed,observed,[],NONE,"[""pressure""]",pressure,energy_isolation,equipment integrity,present_ineffective,degraded,unknown,recurrence_signal,domain_scenario,"[""INSUFFICIENT"", ""EXPOSURE""]",Same equipment recurring.,[],gold_test,0
gold_R037,R037,gold_180,observation,Radiography chal rahi thi aur ek helper barricaded area ke andar chala gaya.,13,hinglish,latin,YES,0.87,observed,observed,"[""Bypassing Safety Controls""]",Bypassing Safety Controls,"[""radiation""]",radiation,exclusion_zone,radiation exclusion zone,absent,failed,present,none,none,"[""EXPOSURE"", ""P_SIF""]",Ionising radiation exposure.,[],gold_test,0
gold_R038,R038,gold_180,observation,Portable DG set ka exhaust room ke andar tha aur darwaza band tha.,13,hinglish,latin,YES,0.88,observed,observed,[],NONE,"[""chemical""]",toxic_atmosphere,gas_test,ventilation and exhaust routing,absent,failed,present,none,none,"[""EXPOSURE"", ""P_SIF""]",Carbon monoxide accumulation.,"[""sif_yes_no_lsr""]",gold_test,1
gold_R039,R039,gold_180,observation,Welding machine ki earthing loose thi aur wet area me use ho rahi thi.,14,hinglish,latin,YES,0.85,observed,observed,"[""Energy Isolation""]",Energy Isolation,"[""electrical""]",electrical,other,earthing and bonding,absent,failed,present,none,none,"[""EXPOSURE"", ""P_SIF""]",Electrocution risk elevated by moisture.,[],gold_test,4
gold_R040,R040,gold_180,observation,Diesel tank ke paas ek worker smoking kar raha tha.,10,hinglish,latin,UNCERTAIN,0.6,observed,observed,"[""Hot Work""]",Hot Work,"[""thermal""]",thermal_fire,other,ignition source control,absent,failed,present,fuel_volatility_nuance,other,"[""INSUFFICIENT"", ""EXPOSURE""]","Diesel flashpoint high, ignition less credible.",[],gold_test,2
gold_R041,R041,gold_180,observation,Fire extinguisher ka pressure gauge red zone me tha.,9,hinglish,latin,NO,0.72,observed,observed,[],NONE,[],none,other,fire suppression,present_ineffective,degraded,absent,mitigation_barrier,capacity_or_barrier_status,"[""LOW_ENERGY"", ""NON_EVENT""]","Mitigation barrier degraded, no release.",[],gold_test,3
gold_R042,R042,gold_180,observation,Emergency exit ke saamne material stack kiya hua tha.,9,hinglish,latin,UNCERTAIN,0.5,observed,observed,[],NONE,[],none,management_control,escape route,absent,failed,unknown,mitigation_barrier,capacity_or_barrier_status,"[""INSUFFICIENT""]",Consequence only if another event occurs.,[],gold_test,1
gold_R043,R043,gold_180,observation,"Drilling ke dauran mud loss hua, kick ke sign the, BOP function test overdue tha.",15,hinglish,latin,YES,0.96,observed,observed,"[""Work Authorisation""]",Work Authorisation,"[""pressure""]",pressure,energy_isolation,well control and BOP integrity,absent,failed,present,well_control,domain_scenario,"[""EXPOSURE"", ""P_SIF""]","Well-control precursor, highest priority class.",[],gold_test,0
gold_R044,R044,gold_180,observation,"Tank ki chhat pe kaam ho raha tha, guardrail nahi tha aur worker akela tha.",15,hinglish,latin,YES,0.92,observed,observed,"[""Working at Height""]",Working at Height,"[""gravity""]",gravity_height,fall_arrest,edge protection,absent,failed,present,lone_working,domain_scenario,"[""EXPOSURE"", ""P_SIF""]",Unprotected edge plus lone working.,[],gold_test,0
gold_R045,R045,gold_180,observation,Acid transfer ke time worker ne goggles nahi pehne the.,10,hinglish,latin,YES,0.68,observed,observed,[],NONE,"[""chemical""]",chemical,ppe,eye protection,pseudo,failed,present,life_altering_not_fatal,domain_scenario,"[""EXPOSURE"", ""P_SIF""]",Blindness meets the SIF definition.,"[""sif_yes_no_lsr""]",gold_test,4
gold_R046,R046,gold_180,observation,"Forklift operator ne reverse karte time horn nahi bajaya, pichhe ek worker khada tha.",14,hinglish,latin,YES,0.72,observed,observed,"[""Line of Fire""]",Line of Fire,"[""motion""]",vehicle,other,pedestrian vehicle segregation,absent,failed,present,none,none,"[""EXPOSURE"", ""P_SIF""]",Struck-by by plant vehicle.,[],gold_test,3
gold_R047,R047,gold_180,observation,"Nitrogen purging chal rahi thi, entry permit nahi tha, ek worker manhole ke paas khada tha.",16,hinglish,latin,YES,0.94,observed,observed,"[""Confined Space""]",Confined Space,"[""chemical""]",oxygen_deficiency,gas_test,entry permit and atmosphere monitoring,absent,failed,present,none,none,"[""EXPOSURE"", ""P_SIF""]",Nitrogen asphyxiation gives no warning.,[],gold_test,1
gold_R048,R048,gold_180,observation,"Trench ke bilkul kinare pe excavated soil rakhi hui thi, depth 3 m.",13,hinglish,latin,YES,0.85,observed,observed,"[""Bypassing Safety Controls""]",Bypassing Safety Controls,"[""gravity""]",excavation_collapse,other,spoil setback distance,absent,failed,unknown,none,none,"[""EXPOSURE"", ""P_SIF""]",Spoil at edge loads the trench wall.,[],gold_test,0
gold_R049,R049,gold_180,observation,Seismic party ke vehicle ne jungle road pe brake problem report kiya.,12,hinglish,latin,YES,0.8,observed,observed,"[""Driving""]",Driving,"[""motion""]",vehicle,other,vehicle roadworthiness,absent,failed,present,india_remote,india_context,"[""EXPOSURE"", ""P_SIF""]",Brake defect with delayed emergency response.,[],gold_test,1
gold_R050,R050,gold_180,observation,Pichle hafte ka LOTO issue ab resolve ho chuka hai.,10,hinglish,latin,NO,0.8,historical,historical,"[""Energy Isolation""]",Energy Isolation,"[""electrical""]",electrical,energy_isolation,isolation and LOTO verification,present_effective,intact,absent,historical_closed,historical,"[""NON_EVENT""]",Historical and closed.,[],gold_test,2
gold_R051,R051,gold_180,observation,Worker ne bina fall arrest ke monkey board pe climb kiya.,11,hinglish,latin,YES,0.95,observed,observed,"[""Working at Height""]",Working at Height,"[""gravity""]",gravity_height,fall_arrest,fall arrest system,absent,failed,present,rig_specific,other,"[""P_SIF"", ""EXPOSURE""]",Unarrested fall from derrick platform.,[],gold_test,3
gold_R052,R052,gold_180,observation,Scaffolding pe tag nahi laga tha lekin us par koi kaam nahi ho raha tha.,15,hinglish,latin,NO,0.75,observed,observed,"[""Working at Height""]",Working at Height,"[""gravity""]",gravity_height,management_control,scaffold inspection tag,absent,failed,absent,barrier_failed_no_exposure,domain_scenario,"[""LOW_ENERGY"", ""SUCCESS"", ""NON_EVENT""]","Administrative barrier failed, nobody exposed.",[],gold_test,3
gold_R053,R053,gold_180,observation,"Worker ko hathodi se ungli pe chot lagi, first aid diya gaya.",12,hinglish,latin,NO,0.92,observed,observed,[],NONE,[],none,ppe,hand protection,pseudo,degraded,present,injury_but_low_sif,low_energy_or_numbers,"[""LOW_ENERGY"", ""NON_EVENT""]","Hand tool injury, no lethal energy.",[],gold_test,0
gold_R054,R054,gold_180,observation,"Pipeline se illegal tapping ki koshish dekhi gayi, aas paas log maujud the.",13,hinglish,latin,YES,0.88,observed,observed,[],NONE,"[""thermal""]",thermal_fire,energy_isolation,pipeline security and containment,absent,failed,present,india_pilferage,india_context,"[""EXPOSURE"", ""P_SIF""]",Uncontrolled release by untrained persons.,"[""sif_yes_no_lsr""]",gold_test,0
gold_R055,R055,gold_180,observation,Gas compressor shed me ventilation fan band tha aur gas detector bhi kaam nahi kar raha tha.,17,hinglish,latin,YES,0.9,observed,observed,"[""Bypassing Safety Controls""]",Bypassing Safety Controls,"[""chemical""]",toxic_atmosphere,gas_test,ventilation and gas detection,absent,failed,unknown,multiple_barrier_failure,multi_rule_or_event,"[""EXPOSURE"", ""P_SIF""]",Two independent barriers down together.,"[""multi_rule_but_single_lsr""]",gold_test,3
gold_R056,R056,gold_180,observation,"Rig 7 pe crane operation ke dauran load swing hua, ek helper kareeb khada tha.",15,hinglish,latin,YES,0.9,observed,observed,"[""Safe Mechanical Lifting""]",Safe Mechanical Lifting,"[""gravity"", ""mechanical""]",suspended_load,exclusion_zone,exclusion zone under load,absent,failed,present,duplicate_cluster_A,duplicate_cluster,"[""EXPOSURE"", ""P_SIF""]",Cluster A report 1 of 3.,[],gold_test,1
gold_R057,R057,gold_180,observation,"Crane se suspended load hilne ki wajah se helper ko hatna pada. Rig 7, morning shift.",16,hinglish,latin,YES,0.9,observed,observed,"[""Safe Mechanical Lifting""]",Safe Mechanical Lifting,"[""gravity"", ""mechanical""]",suspended_load,exclusion_zone,exclusion zone under load,absent,failed,present,duplicate_cluster_A,duplicate_cluster,"[""EXPOSURE"", ""P_SIF""]",Cluster A report 2 of 3.,[],gold_test,1
gold_R058,R058,gold_180,observation,"Lifting operation me load control se bahar gaya, koi injury nahi. Rig 7.",13,hinglish,latin,YES,0.9,observed,observed,"[""Safe Mechanical Lifting""]",Safe Mechanical Lifting,"[""gravity"", ""mechanical""]",suspended_load,exclusion_zone,exclusion zone under load,absent,failed,present,duplicate_cluster_A,duplicate_cluster,"[""EXPOSURE"", ""P_SIF""]",Cluster A report 3 of 3.,[],gold_test,2
gold_R059,R059,gold_180,observation,"Isolaton verify nahi kiya gaya tha, energised panel pe kaam chal raha tha, glove bhi nahi tha.",17,hinglish,latin,YES,0.93,observed,observed,"[""Energy Isolation""]",Energy Isolation,"[""electrical""]",electrical,energy_isolation,isolation and LOTO verification,absent,failed,present,spelling_error,language_noise,"[""EXPOSURE"", ""P_SIF""]",Misspelled safety-critical term.,[],gold_test,3
gold_R060,R060,gold_180,observation,"Confined spce me entry hui bina gas tsting ke, superviser ko pata nahi tha.",14,hinglish,latin,YES,0.94,observed,observed,"[""Confined Space""]",Confined Space,"[""chemical""]",oxygen_deficiency,gas_test,gas test and entry permit,absent,failed,present,spelling_error,language_noise,"[""EXPOSURE"", ""P_SIF""]",Two misspellings plus supervision failure.,[],gold_test,2
gold_R061,R061,gold_180,observation,Unsafe act observed aur spot pe correct kar diya gaya. TBT diya gaya.,13,hinglish,latin,NO,0.6,observed,observed,[],NONE,[],none,,none,unknown,unknown,unknown,boilerplate,vague_or_unscorable,"[""LOW_ENERGY"", ""NON_EVENT""]",Template closure text. Carries no information.,[],gold_test,2
gold_R062,R062,gold_180,observation,UA observed during round. Worker ko counsel kiya gaya.,9,hinglish,latin,NO,0.6,observed,observed,[],NONE,[],none,,none,unknown,unknown,unknown,boilerplate,vague_or_unscorable,"[""LOW_ENERGY"", ""NON_EVENT""]","Template text, no hazard described.",[],gold_test,1
gold_R063,R063,gold_180,observation,"Unsafe condition noted, rectified immediately.",5,english,latin,NO,0.58,observed,observed,[],NONE,[],none,,none,unknown,unknown,unknown,boilerplate,vague_or_unscorable,"[""LOW_ENERGY"", ""NON_EVENT""]",Template closure with no detail.,[],gold_test,1
gold_R064,R064,gold_180,observation,"Housekeeping poor tha, cleaning kara di gayi.",7,hinglish,latin,NO,0.9,observed,observed,[],NONE,[],none,management_control,housekeeping,present_ineffective,degraded,unknown,boilerplate,vague_or_unscorable,"[""LOW_ENERGY"", ""NON_EVENT""]",Trivial and closed.,[],gold_test,0
gold_R065,R065,gold_180,observation,Observation closed. No further action required.,6,english,latin,NO,0.55,observed,observed,[],NONE,[],none,,none,unknown,unknown,unknown,boilerplate,vague_or_unscorable,"[""LOW_ENERGY"", ""NON_EVENT""]",Closure record only.,[],gold_test,4
gold_R066,R066,gold_180,observation,"Toolbox talk conduct kiya gaya, sabhi worker present the.",9,hinglish,latin,NO,0.92,training_example,training,[],NONE,[],none,,none,,not_applicable,absent,training_content,other,"[""NON_EVENT""]",Training record.,[],gold_test,3
gold_R067,R067,gold_180,observation,"PPE compliance check kiya gaya, sab theek paya gaya.",9,hinglish,latin,NO,0.9,observed,positive,[],NONE,[],none,other,personal protective equipment,present_effective,intact,absent,positive_observation,positive_observation,"[""LOW_ENERGY"", ""NON_EVENT""]","Compliance verification, no finding.",[],gold_test,3
gold_R068,R068,gold_180,observation,"Worker ne safety shoes nahi pehne the, workshop area.",9,hinglish,latin,NO,0.88,observed,observed,[],NONE,[],none,other,foot protection,absent,failed,present,trivial_ppe,contradiction_ppe,"[""LOW_ENERGY"", ""NON_EVENT""]",Foot protection gap without heavy load or energy source.,[],gold_test,2
gold_R069,R069,gold_180,observation,"Helmet nahi pehna tha, ground level pe kaam kar raha tha.",11,hinglish,latin,NO,0.85,observed,observed,[],NONE,[],none,ppe,head protection,pseudo,failed,present,ppe_ground_level,contradiction_ppe,"[""LOW_ENERGY"", ""NON_EVENT""]",Same PPE gap as R011 but no overhead or height energy.,[],gold_test,1
gold_R070,R070,gold_180,observation,"Hand glove nahi pehne the, manual material handling ho raha tha.",11,hinglish,latin,NO,0.87,observed,observed,[],NONE,[],none,ppe,hand protection,pseudo,failed,present,trivial_ppe,contradiction_ppe,"[""LOW_ENERGY"", ""NON_EVENT""]",Hand injury potential only.,[],gold_test,1
gold_R071,R071,gold_180,observation,"Reflective jacket nahi pehna tha, plant road ke kinare kaam.",10,hinglish,latin,UNCERTAIN,0.5,observed,observed,[],NONE,"[""motion""]",vehicle,other,high visibility clothing,absent,failed,present,borderline_ppe,contradiction_ppe,"[""INSUFFICIENT"", ""EXPOSURE""]",Visibility failure near vehicle movement. Grey zone.,[],gold_test,1
gold_R072,R072,gold_180,observation,Ear plug nahi pehna tha compressor area me.,8,hinglish,latin,NO,0.85,observed,observed,[],NONE,[],none,other,hearing protection,absent,failed,present,trivial_ppe,contradiction_ppe,"[""LOW_ENERGY"", ""NON_EVENT""]","Chronic health issue, not an acute fatality mechanism.",[],gold_test,4
gold_R073,R073,gold_180,observation,Gas cylinder bina trolley ke khada tha aur chain se secure nahi tha.,13,hinglish,latin,UNCERTAIN,0.58,observed,observed,[],NONE,"[""pressure""]",pressure,other,cylinder securing,absent,failed,unknown,borderline,other,"[""INSUFFICIENT"", ""EXPOSURE""]",Falling cylinder can rupture. Exposure not stated.,[],gold_test,1
gold_R074,R074,gold_180,observation,"Vehicle ko sirf jack pe uthakar niche kaam kiya ja raha tha, axle stand nahi tha.",16,hinglish,latin,YES,0.91,observed,observed,"[""Line of Fire""]",Line of Fire,"[""mechanical"", ""motion""]",mechanical_motion,other,mechanical support stands,absent,failed,present,none,none,"[""EXPOSURE"", ""P_SIF""]",Crush fatality if jack fails with person underneath.,[],gold_test,2
gold_R075,R075,gold_180,observation,H2S detector ka alarm bypass kiya gaya tha kyunki baar baar baj raha tha.,14,hinglish,latin,YES,0.95,observed,observed,"[""Bypassing Safety Controls""]",Bypassing Safety Controls,"[""chemical""]",toxic_atmosphere,gas_test,gas detection alarm,absent,failed,present,deliberate_bypass,domain_scenario,"[""EXPOSURE"", ""P_SIF""]",Deliberate defeat of a safety control in H2S service.,[],gold_test,3
gold_R076,R076,gold_180,observation,Pigging operation me receiver ka door khola gaya bina pressure release confirm kiye.,13,hinglish,latin,YES,0.95,observed,observed,"[""Energy Isolation""]",Energy Isolation,"[""pressure""]",pressure,other,depressurisation verification,absent,failed,present,none,none,"[""EXPOSURE"", ""P_SIF""]",Pig trap opening under pressure is a known fatality mechanism.,[],gold_test,1
gold_R077,R077,gold_180,observation,Ek worker crane ke hook pe baith kar upar gaya.,10,hinglish,latin,YES,0.94,observed,observed,"[""Safe Mechanical Lifting""]",Safe Mechanical Lifting,"[""gravity""]",gravity_height,other,man riding prohibition,absent,failed,present,none,none,"[""EXPOSURE"", ""P_SIF""]",Man riding on a hook. Fall and load release both fatal.,[],gold_test,1
gold_R078,R078,gold_180,observation,"Grinding machine ka guard nikala hua tha, worker bina face shield ke kaam kar raha tha.",16,hinglish,latin,YES,0.7,observed,observed,"[""Bypassing Safety Controls""]",Bypassing Safety Controls,"[""mechanical"", ""motion""]",mechanical_motion,machine_guard,machine guarding,absent,failed,present,life_altering_not_fatal,domain_scenario,"[""EXPOSURE"", ""P_SIF""]",Disc burst can cause blindness or severe laceration.,[],gold_test,0
gold_R079,R079,gold_180,observation,Live line pe hot tapping ki gayi bina approved procedure ke.,11,hinglish,latin,YES,0.93,observed,observed,"[""Work Authorisation""]",Work Authorisation,"[""pressure""]",pressure,ptw,approved procedure and permit,absent,failed,present,none,none,"[""EXPOSURE"", ""P_SIF""]",Hot tapping without procedure risks loss of containment.,[],gold_test,3
gold_R080,R080,gold_180,observation,Steam line ka insulation nikla hua tha aur worker uske paas se guzar raha tha.,15,hinglish,latin,UNCERTAIN,0.55,observed,observed,[],NONE,"[""thermal""]",thermal_fire,other,thermal insulation,absent,failed,present,borderline,other,"[""INSUFFICIENT"", ""EXPOSURE""]","Contact burn likely, fatality unlikely unless large release.",[],gold_test,0
gold_R081,R081,gold_180,observation,Confined space entry chal rahi thi lekin rescue plan aur standby man nahi tha.,14,hinglish,latin,YES,0.92,observed,observed,"[""Confined Space""]",Confined Space,"[""chemical""]",oxygen_deficiency,other,rescue arrangement and attendant,absent,failed,present,none,none,"[""EXPOSURE"", ""P_SIF""]",Most confined space deaths are would-be rescuers.,[],gold_test,1
gold_R082,R082,gold_180,observation,"Hoist ka wire rope kai jagah se frayed tha, load uthaya ja raha tha.",14,hinglish,latin,YES,0.88,observed,observed,"[""Safe Mechanical Lifting""]",Safe Mechanical Lifting,"[""gravity"", ""mechanical""]",suspended_load,energy_isolation,lifting equipment integrity,absent,failed,present,none,none,"[""EXPOSURE"", ""P_SIF""]",Rope failure under load.,[],gold_test,4
gold_R083,R083,gold_180,observation,6 m pe scaffold pe sirf ek plank tha aur guardrail nahi tha.,13,hinglish,latin,YES,0.92,observed,observed,"[""Working at Height""]",Working at Height,"[""gravity""]",gravity_height,fall_arrest,working platform and edge protection,absent,failed,present,none,none,"[""EXPOSURE"", ""P_SIF""]",Incomplete platform at fatal height.,[],gold_test,0
gold_R084,R084,gold_180,observation,"Tank ki ladder ka cage missing tha, worker upar chadh raha tha.",12,hinglish,latin,YES,0.86,observed,observed,"[""Working at Height""]",Working at Height,"[""gravity""]",gravity_height,fall_arrest,ladder cage or fall arrest,absent,failed,present,none,none,"[""EXPOSURE"", ""P_SIF""]",Vertical climb without fall protection.,[],gold_test,4
gold_R085,R085,gold_180,observation,Boiler ka safety valve gag kiya hua paya gaya.,9,hinglish,latin,YES,0.93,observed,observed,"[""Bypassing Safety Controls""]",Bypassing Safety Controls,"[""pressure""]",pressure,energy_isolation,pressure relief,absent,failed,unknown,deliberate_bypass,domain_scenario,"[""EXPOSURE"", ""P_SIF""]",Relief device defeated on a pressure vessel.,[],gold_test,2
gold_R086,R086,gold_180,observation,Hot work chal raha tha lekin fire water pump available nahi tha.,12,hinglish,latin,YES,0.8,observed,observed,"[""Hot Work""]",Hot Work,"[""thermal""]",thermal_fire,other,fire water availability,absent,failed,present,mitigation_barrier,capacity_or_barrier_status,"[""EXPOSURE"", ""P_SIF""]",Mitigation barrier absent during ignition source work.,[],gold_test,1
gold_R087,R087,gold_180,observation,Hydrotest chal raha tha aur do worker test line ke saamne khade the.,13,hinglish,latin,YES,0.9,observed,observed,"[""Line of Fire""]",Line of Fire,"[""pressure""]",pressure,other,exclusion during pressure test,absent,failed,present,none,none,"[""EXPOSURE"", ""P_SIF""]",Stored energy release directed at personnel.,[],gold_test,3
gold_R088,R088,gold_180,observation,Rig floor pe tong ke swing path me ek helper khada tha.,12,hinglish,latin,YES,0.91,observed,observed,"[""Line of Fire""]",Line of Fire,"[""mechanical"", ""motion""]",mechanical_motion,other,red zone management,absent,failed,present,rig_specific,other,"[""EXPOSURE"", ""P_SIF""]",Rig floor red zone violation.,[],gold_test,4
gold_R089,R089,gold_180,observation,Mud pump ka relief valve line blocked mili.,8,hinglish,latin,YES,0.82,observed,observed,"[""Bypassing Safety Controls""]",Bypassing Safety Controls,"[""pressure""]",pressure,energy_isolation,pressure relief,absent,failed,unknown,none,none,"[""EXPOSURE"", ""P_SIF""]",Overpressure protection ineffective.,[],gold_test,0
gold_R090,R090,gold_180,observation,Wireline operation shuru hua lekin pressure control equipment ka test nahi hua tha.,13,hinglish,latin,YES,0.9,observed,observed,"[""Work Authorisation""]",Work Authorisation,"[""pressure""]",pressure,other,pressure control equipment testing,absent,failed,present,well_control,domain_scenario,"[""EXPOSURE"", ""P_SIF""]",Well barrier unverified during live intervention.,[],gold_test,2
gold_R091,R091,gold_180,observation,Classified area me electrical panel ka door khula hua tha.,10,hinglish,latin,UNCERTAIN,0.58,observed,observed,[],NONE,"[""thermal""]",thermal_fire,energy_isolation,explosion protection integrity,absent,failed,unknown,borderline,other,"[""INSUFFICIENT"", ""EXPOSURE""]",Ex integrity lost. Ignition depends on gas presence.,[],gold_test,0
gold_R092,R092,gold_180,observation,"Cable joint trench ke paani me duba hua tha, supply on thi.",12,hinglish,latin,YES,0.88,observed,observed,"[""Energy Isolation""]",Energy Isolation,"[""electrical""]",electrical,energy_isolation,electrical integrity and isolation,absent,failed,unknown,india_monsoon,india_context,"[""EXPOSURE"", ""P_SIF""]",Energised joint submerged. Step potential risk.,[],gold_test,2
gold_R093,R093,gold_180,observation,Transformer yard ka gate khula tha aur koi supervision nahi tha.,11,hinglish,latin,UNCERTAIN,0.6,observed,observed,[],NONE,"[""electrical""]",electrical,other,access control to HV area,absent,failed,unknown,borderline,other,"[""INSUFFICIENT"", ""EXPOSURE""]",HV access uncontrolled but no person confirmed inside.,[],gold_test,3
gold_R094,R094,gold_180,observation,Crane ka boom 11 kV overhead line ke bahut kareeb aa gaya tha.,13,hinglish,latin,YES,0.95,observed,observed,"[""Safe Mechanical Lifting""]",Safe Mechanical Lifting,"[""electrical""]",electrical,other,overhead line clearance,absent,failed,present,none,none,"[""EXPOSURE"", ""P_SIF""]",HV contact through crane structure kills the whole crew.,[],gold_test,4
gold_R095,R095,gold_180,observation,Trench ke upar se log bina walkway ke cross kar rahe the.,12,hinglish,latin,UNCERTAIN,0.52,observed,observed,[],NONE,"[""gravity""]",gravity_height,other,crossing arrangement,absent,failed,present,borderline,other,"[""INSUFFICIENT"", ""EXPOSURE""]",Fall into trench. Depth not stated.,[],gold_test,2
gold_R096,R096,gold_180,observation,Jetty pe kaam kar rahe worker ne life jacket nahi pehna tha.,12,hinglish,latin,YES,0.85,observed,observed,[],NONE,[],none,ppe,life jacket and rescue arrangement,pseudo,failed,present,drowning,domain_scenario,"[""EXPOSURE"", ""P_SIF""]",Drowning is a fatality mechanism with no injury precursor.,"[""sif_yes_but_energy_none"", ""sif_yes_no_lsr""]",gold_test,4
gold_R097,R097,gold_180,observation,"Nitrogen cylinder band store room me rakha tha, ventilation nahi thi.",11,hinglish,latin,YES,0.84,observed,observed,[],NONE,"[""chemical""]",oxygen_deficiency,gas_test,ventilation and inert gas storage,absent,failed,unknown,none,none,"[""EXPOSURE"", ""P_SIF""]",Oxygen displacement in enclosed space.,"[""sif_yes_no_lsr""]",gold_test,1
gold_R098,R098,gold_180,observation,Battery room ka exhaust fan kaam nahi kar raha tha.,10,hinglish,latin,YES,0.8,observed,observed,[],NONE,"[""thermal""]",thermal_fire,gas_test,ventilation for hydrogen,absent,failed,unknown,none,none,"[""EXPOSURE"", ""P_SIF""]",Hydrogen accumulation and explosion risk.,"[""sif_yes_no_lsr""]",gold_test,1
gold_R099,R099,gold_180,observation,Paint store ke bilkul paas grinding ki spark gir rahi thi.,11,hinglish,latin,YES,0.87,observed,observed,"[""Hot Work""]",Hot Work,"[""thermal""]",thermal_fire,other,ignition source separation,absent,failed,present,none,none,"[""P_SIF"", ""EXPOSURE""]",Sparks adjacent to flammable store.,[],gold_test,3
gold_R100,R100,gold_180,observation,"Seedhi se utarte waqt paav phisal gaya, takhne me mooch aa gayi.",12,hinglish,latin,NO,0.9,observed,observed,[],NONE,[],none,management_control,housekeeping,present_ineffective,degraded,present,injury_but_low_sif,low_energy_or_numbers,"[""LOW_ENERGY"", ""NON_EVENT""]","Slip injury on stairs, no fatal energy.",[],gold_test,2
gold_R101,R101,gold_180,observation,"Peti uthate waqt kamar me dard hua, rest diya gaya.",10,hinglish,latin,NO,0.92,observed,observed,[],NONE,[],none,other,manual handling,present_ineffective,degraded,present,injury_but_low_sif,low_energy_or_numbers,"[""LOW_ENERGY"", ""NON_EVENT""]",Ergonomic injury.,[],gold_test,3
gold_R102,R102,gold_180,observation,Machhar ke kaatne se worker ko rash aa gaya.,9,hinglish,latin,NO,0.9,observed,observed,[],NONE,"[""biological""]",biological,,none,,not_applicable,present,injury_but_low_sif,low_energy_or_numbers,"[""LOW_ENERGY"", ""SUCCESS"", ""NON_EVENT""]",Minor biological exposure.,[],gold_test,0
gold_R103,R103,gold_180,observation,"Dhool ki wajah se aankh me jalan hui, eyewash use kiya.",11,hinglish,latin,NO,0.88,observed,observed,[],NONE,[],none,ppe,eye protection,pseudo,degraded,present,injury_but_low_sif,low_energy_or_numbers,"[""LOW_ENERGY"", ""NON_EVENT""]",Irritation only.,[],gold_test,1
gold_R104,R104,gold_180,observation,Darwaze se takrane par kandhe pe neel pad gaya.,9,hinglish,latin,NO,0.93,observed,observed,[],NONE,[],none,,none,,not_applicable,present,injury_but_low_sif,low_energy_or_numbers,"[""LOW_ENERGY"", ""NON_EVENT""]","Bruise, no lethal energy.",[],gold_test,3
gold_R105,R105,gold_180,observation,Chai girne se haath pe halka jal gaya.,8,hinglish,latin,NO,0.94,observed,observed,[],NONE,"[""thermal""]",thermal_fire,,none,,not_applicable,present,injury_but_low_sif,low_energy_or_numbers,"[""LOW_ENERGY"", ""SUCCESS"", ""NON_EVENT""]",Minor scald. Thermal energy present but trivial.,[],gold_test,4
gold_R106,R106,gold_180,observation,Lakdi ka splinter ungli me chubh gaya.,7,hinglish,latin,NO,0.95,observed,observed,[],NONE,[],none,ppe,hand protection,pseudo,degraded,present,injury_but_low_sif,low_energy_or_numbers,"[""LOW_ENERGY"", ""NON_EVENT""]",Trivial.,[],gold_test,3
gold_R107,R107,gold_180,observation,Unsafe condition observed during maintenance.,5,english,latin,UNCERTAIN,0.3,observed,observed,[],NONE,[],none,,none,unknown,unknown,unknown,vague_stub,vague_or_unscorable,"[""INSUFFICIENT""]","No hazard, no location, no exposure.",[],gold_test,1
gold_R108,R108,gold_180,observation,Permit ka issue notice kiya gaya.,6,hinglish,latin,UNCERTAIN,0.32,observed,observed,"[""Work Authorisation""]",Work Authorisation,[],none,ptw,permit to work,unknown,unknown,unknown,vague_stub,vague_or_unscorable,"[""INSUFFICIENT""]",Permit issue unspecified.,[],gold_test,4
gold_R109,R109,gold_180,observation,Line me kuch problem thi.,5,hinglish,latin,UNCERTAIN,0.2,observed,observed,[],NONE,[],none,,none,unknown,unknown,unknown,vague_stub,vague_or_unscorable,"[""INSUFFICIENT""]",Uninterpretable.,[],gold_test,4
gold_R110,R110,gold_180,observation,Worker procedure follow nahi kar raha tha.,7,hinglish,latin,UNCERTAIN,0.3,observed,observed,[],NONE,[],none,other,procedural compliance,absent,failed,unknown,vague_stub,vague_or_unscorable,"[""INSUFFICIENT""]",Which procedure is not stated.,[],gold_test,1
gold_R111,R111,gold_180,observation,Equipment ki condition theek nahi thi.,6,hinglish,latin,UNCERTAIN,0.25,observed,observed,[],NONE,[],none,energy_isolation,equipment integrity,present_ineffective,degraded,unknown,vague_stub,vague_or_unscorable,"[""INSUFFICIENT""]","No equipment named, no consequence.",[],gold_test,0
gold_R112,R112,gold_180,observation,Site pe safety ka issue hai.,6,hinglish,latin,UNCERTAIN,0.15,observed,observed,[],NONE,[],none,,none,unknown,unknown,unknown,vague_stub,vague_or_unscorable,"[""INSUFFICIENT""]",Content-free.,[],gold_test,1
gold_R113,R113,gold_180,observation,"Access road pe baadh ka paani tha, ambulance ko ghoom kar aana pada.",13,hinglish,latin,UNCERTAIN,0.58,observed,observed,[],NONE,[],none,other,emergency response access,present_ineffective,degraded,absent,india_monsoon,india_context,"[""INSUFFICIENT""]","Response barrier degraded, no primary event yet.",[],gold_test,2
gold_R114,R114,gold_180,observation,Bandh ki wajah se emergency response team site pe der se pahunchi.,12,hinglish,latin,UNCERTAIN,0.55,observed,observed,[],NONE,[],none,other,emergency response time,present_ineffective,degraded,absent,india_disruption,india_context,"[""INSUFFICIENT""]",Mitigation barrier degraded by civil disruption.,[],gold_test,4
gold_R115,R115,gold_180,observation,"Power cut ke dauran gas detection system offline ho gaya, DG changeover me der lagi.",15,hinglish,latin,YES,0.78,observed,observed,"[""Bypassing Safety Controls""]",Bypassing Safety Controls,"[""chemical""]",toxic_atmosphere,gas_test,gas detection availability,absent,failed,unknown,india_power,india_context,"[""EXPOSURE"", ""P_SIF""]",Detection barrier unavailable in hydrocarbon area.,[],gold_test,2
gold_R116,R116,gold_180,observation,"Valve chamber me saanp mila, worker ne dekh liya aur peeche hat gaya.",13,hinglish,latin,UNCERTAIN,0.5,observed,observed,[],NONE,"[""biological""]",biological,management_control,vermin control and inspection,absent,failed,present,india_wildlife,india_context,"[""INSUFFICIENT"", ""EXPOSURE""]",Snakebite is a real remote-site fatality mechanism.,[],gold_test,4
gold_R117,R117,gold_180,observation,"Kohre me convoy chal raha tha, visibility bahut kam thi, speed maintain nahi ki gayi.",15,hinglish,latin,YES,0.82,observed,observed,"[""Driving""]",Driving,"[""motion""]",vehicle,other,journey management,absent,failed,present,india_road,india_context,"[""EXPOSURE"", ""P_SIF""]",Convoy in low visibility at unsafe speed.,[],gold_test,4
gold_R118,R118,gold_180,observation,Plant ke andar do pahiya vahan bina helmet ke chalaya ja raha tha.,13,hinglish,latin,UNCERTAIN,0.58,observed,observed,"[""Driving""]",Driving,"[""motion""]",vehicle,ppe,helmet and site traffic rules,pseudo,failed,present,india_road,india_context,"[""INSUFFICIENT"", ""EXPOSURE""]",Two-wheeler head injury risk inside plant.,[],gold_test,3
gold_R119,R119,gold_180,observation,"Bamboo ka scaffold banaya gaya tha, tie nahi kiya gaya tha, 5 m height.",14,hinglish,latin,YES,0.88,observed,observed,"[""Working at Height""]",Working at Height,"[""gravity""]",gravity_height,other,scaffold design and tying,absent,failed,present,india_improvised,india_context,"[""EXPOSURE"", ""P_SIF""]",Improvised scaffold without ties at fatal height.,[],gold_test,1
gold_R120,R120,gold_180,observation,"Crane operation ke dauran aasman me bijli chamak rahi thi, kaam continue raha.",13,hinglish,latin,YES,0.8,observed,observed,"[""Safe Mechanical Lifting""]",Safe Mechanical Lifting,"[""thermal""]",thermal_fire,other,adverse weather stop criteria,absent,failed,present,india_lightning,india_context,"[""EXPOSURE"", ""P_SIF""]",Lifting continued during lightning activity.,[],gold_test,0
gold_R121,R121,gold_180,observation,"GGS-2 me gas leak ki smell aayi, area me do log the.",12,hinglish,latin,YES,0.86,observed,observed,[],NONE,"[""chemical""]",toxic_atmosphere,energy_isolation,primary containment,absent,failed,present,duplicate_cluster_B,duplicate_cluster,"[""P_SIF"", ""EXPOSURE""]",Cluster B report 1 of 3.,"[""sif_yes_no_lsr""]",gold_test,4
gold_R122,R122,gold_180,observation,"GGS-2 ke paas hydrocarbon smell report hui, operators ne area vacate kiya.",12,hinglish,latin,YES,0.86,observed,observed,[],NONE,"[""chemical""]",toxic_atmosphere,energy_isolation,primary containment,absent,failed,present,duplicate_cluster_B,duplicate_cluster,"[""EXPOSURE"", ""P_SIF""]",Cluster B report 2 of 3.,"[""sif_yes_no_lsr""]",gold_test,0
gold_R123,R123,gold_180,observation,"Gas gathering station 2 me leakage suspect, shift in-charge ko inform kiya gaya.",13,hinglish,latin,YES,0.86,observed,observed,[],NONE,"[""chemical""]",toxic_atmosphere,energy_isolation,primary containment,absent,failed,present,duplicate_cluster_B,duplicate_cluster,"[""EXPOSURE"", ""P_SIF""]",Cluster B report 3 of 3.,"[""sif_yes_no_lsr""]",gold_test,4
gold_R124,R124,gold_180,observation,"Rig 12 pe worker platform se lagbhag gir gaya tha, railing pakad li.",13,hinglish,latin,YES,0.92,observed,observed,"[""Working at Height""]",Working at Height,"[""gravity""]",gravity_height,fall_arrest,edge protection,absent,failed,present,duplicate_cluster_C,duplicate_cluster,"[""P_SIF"", ""EXPOSURE""]",Cluster C report 1 of 2.,[],gold_test,3
gold_R125,R125,gold_180,observation,"Rig 12 me ek worker ka balance bigda platform pe, gir jaata to serious hota.",15,hinglish,latin,YES,0.92,observed,observed,"[""Working at Height""]",Working at Height,"[""gravity""]",gravity_height,fall_arrest,edge protection,absent,failed,present,duplicate_cluster_C,duplicate_cluster,"[""P_SIF"", ""EXPOSURE""]",Cluster C report 2 of 2.,[],gold_test,0
gold_R126,R126,gold_180,observation,Compressor C-201 me abnormal vibration report kiya gaya.,8,hinglish,latin,UNCERTAIN,0.42,observed,observed,[],NONE,"[""mechanical"", ""motion""]",mechanical_motion,energy_isolation,equipment integrity,present_ineffective,degraded,unknown,recurrence_signal,domain_scenario,"[""INSUFFICIENT"", ""EXPOSURE""]",Equipment C-201 occurrence 1.,[],gold_test,0
gold_R127,R127,gold_180,observation,"Compressor C-201 ka temperature high ja raha tha, trip nahi hua.",11,hinglish,latin,UNCERTAIN,0.5,observed,observed,[],NONE,"[""mechanical"", ""motion""]",mechanical_motion,other,protective trip function,present_ineffective,degraded,unknown,recurrence_signal,domain_scenario,"[""INSUFFICIENT"", ""EXPOSURE""]","Equipment C-201 occurrence 2, protection suspect.",[],gold_test,3
gold_R128,R128,gold_180,observation,"C-201 compressor me phir se vibration alarm aaya, operator ne reset kiya.",12,hinglish,latin,UNCERTAIN,0.55,observed,observed,"[""Bypassing Safety Controls""]",Bypassing Safety Controls,"[""mechanical"", ""motion""]",mechanical_motion,other,protective trip function,present_ineffective,degraded,unknown,recurrence_signal,domain_scenario,"[""INSUFFICIENT"", ""EXPOSURE""]","Equipment C-201 occurrence 3, alarm reset without diagnosis.",[],gold_test,2
gold_R129,R129,gold_180,observation,Valve V-33 se passing dekha gaya during isolation.,8,hinglish,latin,UNCERTAIN,0.52,observed,observed,"[""Energy Isolation""]",Energy Isolation,"[""pressure""]",pressure,energy_isolation,positive isolation,present_ineffective,degraded,unknown,recurrence_signal,domain_scenario,"[""INSUFFICIENT"", ""EXPOSURE""]",Valve V-33 occurrence 1. Passing valve defeats single isolation.,[],gold_test,2
gold_R130,R130,gold_180,observation,"V-33 valve phir se pass kar raha tha, double block use karna pada.",13,hinglish,latin,UNCERTAIN,0.55,observed,observed,"[""Energy Isolation""]",Energy Isolation,"[""pressure""]",pressure,energy_isolation,positive isolation,present_ineffective,degraded,unknown,recurrence_signal,domain_scenario,"[""INSUFFICIENT"", ""EXPOSURE""]",Valve V-33 occurrence 2.,[],gold_test,4
gold_R131,R131,gold_180,observation,"Pump P-104 ke discharge flange se fine spray dekha gaya, operator paas tha.",13,hinglish,latin,YES,0.75,observed,observed,[],NONE,"[""pressure""]",pressure,energy_isolation,primary containment,absent,failed,present,recurrence_signal,domain_scenario,"[""EXPOSURE"", ""P_SIF""]","P-104 occurrence 3, now with exposure.","[""sif_yes_no_lsr""]",gold_test,4
gold_R132,R132,gold_180,observation,"P-104 ka mechanical seal fail ho gaya, hydrocarbon spill hua.",10,hinglish,latin,YES,0.8,observed,observed,[],NONE,"[""pressure""]",pressure,energy_isolation,primary containment,absent,failed,unknown,recurrence_signal,domain_scenario,"[""P_SIF"", ""EXPOSURE""]",P-104 occurrence 4. The pattern predicted this.,"[""sif_yes_no_lsr""]",gold_test,0
gold_R133,R133,gold_180,observation,"Isolation kora nohol, panel ot kaam cholise.",7,mixed_assamese,latin,YES,0.9,observed,observed,"[""Energy Isolation""]",Energy Isolation,"[""electrical""]",electrical,energy_isolation,isolation and LOTO verification,absent,failed,present,language_assamese,language_noise,"[""EXPOSURE"", ""P_SIF""]","Roman Assamese. Isolation not done, work in progress.",[],gold_test,0
gold_R134,R134,gold_180,observation,"Pani baradhi ase cellar pit ot, kaam cholise.",8,mixed_assamese,latin,YES,0.78,observed,observed,"[""Work Authorisation""]",Work Authorisation,"[""pressure""]",pressure,energy_isolation,cellar drainage and BOP access,present_ineffective,degraded,present,language_assamese,language_noise,"[""EXPOSURE"", ""P_SIF""]",Roman Assamese describing rising water during work.,[],gold_test,2
gold_R135,R135,gold_180,observation,"Gas test kora hoy ni, tank er bhitore lok dhuke geche.",11,mixed_assamese,latin,YES,0.93,observed,observed,"[""Confined Space""]",Confined Space,"[""chemical""]",oxygen_deficiency,gas_test,gas test and entry permit,absent,failed,present,language_bengali,language_noise,"[""EXPOSURE"", ""P_SIF""]",Roman Bengali. Entry without gas test.,[],gold_test,0
gold_R136,R136,gold_180,observation,"Mistri ne bina permit ke line kholi, gas nikla thoda.",10,hindi_roman,latin,YES,0.88,observed,observed,"[""Work Authorisation""]",Work Authorisation,"[""pressure""]",pressure,ptw,permit to work,absent,failed,present,language_hindi,language_noise,"[""P_SIF"", ""EXPOSURE""]","Line opened without permit, release occurred.",[],gold_test,3
gold_R137,R137,gold_180,observation,"Kaam ke doran koi bhi supervisor mojud nahi tha, height pe kaam chal raha tha.",15,hindi_roman,latin,YES,0.82,observed,observed,"[""Working at Height""]",Working at Height,"[""gravity""]",gravity_height,management_control,supervision,absent,failed,present,language_hindi,language_noise,"[""EXPOSURE"", ""P_SIF""]",Unsupervised work at height.,[],gold_test,0
gold_R138,R138,gold_180,observation,Wrkr was doing welding wthout screen near gas line.,9,english,latin,YES,0.85,observed,observed,"[""Hot Work""]",Hot Work,"[""thermal""]",thermal_fire,other,welding screen and separation,absent,failed,present,typo_english,language_noise,"[""EXPOSURE"", ""P_SIF""]",Heavy typos in English.,[],gold_test,3
gold_R139,R139,gold_180,observation,Emplyee entered excvation 3m dep no shorng.,7,english,latin,YES,0.92,observed,observed,"[""Bypassing Safety Controls""]",Bypassing Safety Controls,"[""gravity""]",excavation_collapse,exclusion_zone,shoring,absent,failed,present,typo_english,language_noise,"[""EXPOSURE"", ""P_SIF""]","Heavy typos, clear hazard.",[],gold_test,0
gold_R140,R140,gold_180,observation,"Energised panl pe kaam, isoltn nhi kiya, 11kv.",8,hinglish,latin,YES,0.95,observed,observed,"[""Energy Isolation""]",Energy Isolation,"[""electrical""]",electrical,energy_isolation,isolation and LOTO verification,absent,failed,present,typo_english,language_noise,"[""EXPOSURE"", ""P_SIF""]",HV work with abbreviations and typos.,[],gold_test,0
gold_R141,R141,gold_180,observation,Koi injury nahi hui aur na hi koi unsafe condition thi.,11,hinglish,latin,NO,0.9,observed,observed,[],NONE,[],none,,none,present_effective,intact,absent,negation,negation,"[""LOW_ENERGY"", ""NON_EVENT""]","Double negative content, genuinely nothing to report.",[],gold_test,1
gold_R142,R142,gold_180,observation,Worker height pe tha lekin harness properly anchored tha aur guardrail bhi tha.,13,hinglish,latin,NO,0.88,observed,observed,"[""Working at Height""]",Working at Height,"[""gravity""]",gravity_height,fall_arrest,fall protection,present_effective,intact,present,negation_barrier_intact,negation,"[""SUCCESS"", ""CAPACITY""]",Energy and exposure present but barrier working. Correct answer NO.,[],gold_test,1
gold_R143,R143,gold_180,observation,"Gas test kiya gaya tha aur reading safe thi, phir entry hui.",12,hinglish,latin,NO,0.9,observed,observed,"[""Confined Space""]",Confined Space,"[""chemical""]",oxygen_deficiency,gas_test,gas test and entry permit,present_effective,intact,present,negation_barrier_intact,negation,"[""SUCCESS"", ""CAPACITY""]","Confined space vocabulary present, barrier intact.",[],gold_test,0
gold_R144,R144,gold_180,observation,Isolation certificate liya gaya tha lekin tag physically nahi laga tha.,11,hinglish,latin,UNCERTAIN,0.58,observed,observed,"[""Energy Isolation""]",Energy Isolation,"[""electrical""]",electrical,other,physical tagging,present_ineffective,degraded,unknown,partial_barrier,capacity_or_barrier_status,"[""INSUFFICIENT"", ""EXPOSURE""]","Paper barrier present, physical barrier absent.",[],gold_test,2
gold_R145,R145,gold_180,observation,Permit tha lekin usme mentioned precautions me se do complete nahi the.,12,hinglish,latin,UNCERTAIN,0.55,observed,observed,"[""Work Authorisation""]",Work Authorisation,[],none,ptw,permit precautions,present_ineffective,degraded,unknown,partial_barrier,capacity_or_barrier_status,"[""INSUFFICIENT""]",Partial compliance.,[],gold_test,1
gold_R146,R146,gold_180,observation,Isolation fully verify nahi kiya gaya tha.,7,hinglish,latin,UNCERTAIN,0.48,observed,observed,"[""Energy Isolation""]",Energy Isolation,"[""electrical""]",electrical,energy_isolation,isolation verification,present_ineffective,degraded,unknown,partial_negation,negation,"[""INSUFFICIENT"", ""EXPOSURE""]",Partial negation. Should not resolve to a confident NO.,[],gold_test,0
gold_R147,R147,gold_180,observation,Worker ne 30 feet ki height se gir kar bach gaya kyunki net lagi thi.,15,hinglish,latin,YES,0.9,observed,observed,"[""Working at Height""]",Working at Height,"[""gravity""]",gravity_height,other,safety net,present_effective,intact,present,barrier_worked_still_sif,capacity_or_barrier_status,"[""CAPACITY""]",Barrier worked but a fall from 30 ft occurred. Still a SIF precursor.,[],gold_test,2
gold_R148,R148,gold_180,observation,"Load 2 feet ki height se gira, koi neeche nahi tha.",11,hinglish,latin,NO,0.82,observed,observed,"[""Line of Fire""]",Line of Fire,"[""gravity"", ""mechanical""]",suspended_load,exclusion_zone,exclusion zone,absent,failed,absent,numbers_matter,low_energy_or_numbers,"[""LOW_ENERGY"", ""SUCCESS"", ""NON_EVENT""]",Low drop height and no exposure.,[],gold_test,0
gold_R149,R149,gold_180,observation,"Load 15 meter se gira derrick se, area barricaded tha.",10,hinglish,latin,YES,0.85,observed,observed,"[""Line of Fire""]",Line of Fire,"[""gravity"", ""mechanical""]",suspended_load,tool_lanyard,dropped object prevention,absent,failed,absent,dropped_object,domain_scenario,"[""P_SIF"", ""EXPOSURE""]",High energy dropped object. Barricading was the only thing preventing a fatality.,"[""exposure_absent_but_sif_yes""]",gold_test,3
gold_R150,R150,gold_180,observation,"Spanner monkey board se gir gaya, neeche floorman kaam kar raha tha.",12,hinglish,latin,YES,0.9,observed,observed,"[""Line of Fire""]",Line of Fire,"[""gravity"", ""mechanical""]",suspended_load,tool_lanyard,tool tethering and exclusion,absent,failed,present,dropped_object,domain_scenario,"[""P_SIF"", ""EXPOSURE""]",Small object at height is a classic fatality mechanism.,[],gold_test,1
gold_R151,R151,gold_180,observation,"Pressure gauge test ke dauran isolate kar diya gaya tha, reading nahi mil rahi thi.",15,hinglish,latin,UNCERTAIN,0.5,observed,observed,"[""Bypassing Safety Controls""]",Bypassing Safety Controls,"[""pressure""]",pressure,other,pressure indication,present_ineffective,degraded,unknown,instrument_barrier,capacity_or_barrier_status,"[""INSUFFICIENT"", ""EXPOSURE""]",Operators blind to actual pressure.,[],gold_test,0
gold_R152,R152,gold_180,observation,"Safety shower ka paani nahi aa raha tha, acid handling area.",11,hinglish,latin,UNCERTAIN,0.58,observed,observed,[],NONE,"[""chemical""]",chemical,other,emergency shower,absent,failed,absent,mitigation_barrier,capacity_or_barrier_status,"[""INSUFFICIENT"", ""EXPOSURE""]",Mitigation unavailable in chemical area.,[],gold_test,0
gold_R153,R153,gold_180,observation,"Escape ladder ka niche ka portion tuta hua tha, platform pe do log kaam kar rahe the.",17,hinglish,latin,YES,0.8,observed,observed,[],NONE,"[""gravity""]",gravity_height,management_control,escape route,absent,failed,present,mitigation_barrier,capacity_or_barrier_status,"[""EXPOSURE"", ""P_SIF""]",Escape route compromised with personnel above.,"[""sif_yes_no_lsr""]",gold_test,4
gold_R154,R154,gold_180,observation,"Fire alarm system maintenance ke liye inhibit kiya gaya tha, koi notice nahi lagaya.",14,hinglish,latin,YES,0.76,observed,observed,"[""Bypassing Safety Controls""]",Bypassing Safety Controls,"[""thermal""]",thermal_fire,other,fire detection,absent,failed,unknown,deliberate_bypass,domain_scenario,"[""EXPOSURE"", ""P_SIF""]",Detection inhibited without compensatory measures.,[],gold_test,1
gold_R155,R155,gold_180,observation,"Do alag alag crew ek hi area me kaam kar rahe the, koi coordination nahi thi.",16,hinglish,latin,UNCERTAIN,0.6,observed,observed,"[""Work Authorisation""]",Work Authorisation,[],none,other,SIMOPS coordination,absent,failed,present,simops,domain_scenario,"[""INSUFFICIENT""]",Two safe activities may be jointly unsafe.,[],gold_test,0
gold_R156,R156,gold_180,observation,Welding upar chal rahi thi aur neeche painting ka kaam ho raha tha.,13,hinglish,latin,YES,0.85,observed,observed,"[""Hot Work""]",Hot Work,"[""thermal""]",thermal_fire,other,SIMOPS separation,absent,failed,present,simops,domain_scenario,"[""EXPOSURE"", ""P_SIF""]",Ignition source above flammable work below.,[],gold_test,3
gold_R157,R157,gold_180,observation,Night shift handover me isolation ki jaankari transfer nahi hui.,10,hinglish,latin,YES,0.72,observed,observed,"[""Energy Isolation""]",Energy Isolation,"[""electrical""]",electrical,management_control,shift handover communication,absent,failed,unknown,communication_failure,domain_scenario,"[""EXPOSURE"", ""P_SIF""]",Isolation status unknown to incoming crew.,[],gold_test,1
gold_R158,R158,gold_180,observation,Radio communication kaam nahi kar raha tha lifting operation ke dauran.,11,hinglish,latin,UNCERTAIN,0.6,observed,observed,"[""Safe Mechanical Lifting""]",Safe Mechanical Lifting,"[""gravity"", ""mechanical""]",suspended_load,management_control,communication during lift,absent,failed,present,communication_failure,domain_scenario,"[""INSUFFICIENT"", ""EXPOSURE""]",Blind lift risk.,[],gold_test,3
gold_R159,R159,gold_180,observation,Naya contract worker ko induction diye bina site pe bhej diya gaya.,12,hinglish,latin,UNCERTAIN,0.58,observed,observed,"[""Work Authorisation""]",Work Authorisation,[],none,management_control,competency and induction,absent,failed,present,competency,domain_scenario,"[""INSUFFICIENT""]",Untrained person in operational area.,[],gold_test,3
gold_R160,R160,gold_180,observation,Crane operator ka license expire ho chuka tha.,8,hinglish,latin,UNCERTAIN,0.58,observed,observed,"[""Safe Mechanical Lifting""]",Safe Mechanical Lifting,"[""gravity"", ""mechanical""]",suspended_load,management_control,operator competency,absent,failed,unknown,competency,domain_scenario,"[""INSUFFICIENT"", ""EXPOSURE""]",Competency barrier lapsed.,[],gold_test,0
gold_R161,R161,gold_180,observation,Rig 7 pe teen mahine me chauthi baar isolation verification miss hua.,12,hinglish,latin,YES,0.85,observed,observed,"[""Energy Isolation""]",Energy Isolation,"[""electrical""]",electrical,energy_isolation,isolation verification,absent,failed,unknown,pattern_statement,vague_or_unscorable,"[""EXPOSURE"", ""P_SIF""]",Report itself states a recurring pattern.,[],gold_test,3
gold_R162,R162,gold_180,observation,"Is mahine GGS-1 se koi bhi hot work observation report nahi hui, jabki 40 permit issue hue.",17,hinglish,latin,UNCERTAIN,0.62,observed,observed,[],NONE,[],none,management_control,reporting culture,absent,failed,unknown,blind_spot,domain_scenario,"[""INSUFFICIENT""]","Reporting blind spot, not absence of hazard.",[],gold_test,3
gold_R163,R163,gold_180,observation,Contract worker ne bataya ki report karne se gate pass cancel ho sakta hai.,14,hinglish,latin,UNCERTAIN,0.6,observed,observed,[],NONE,[],none,management_control,reporting culture,absent,failed,unknown,blind_spot,domain_scenario,"[""INSUFFICIENT""]",Underreporting driver. Systemic finding.,[],gold_test,0
gold_R164,R164,gold_180,observation,"Ek hi supervisor ne is mahine 38 observation file kiye, sab ek jaise the.",14,hinglish,latin,NO,0.65,observed,observed,[],NONE,[],none,management_control,reporting quality,present_ineffective,degraded,absent,quota_gaming,vague_or_unscorable,"[""LOW_ENERGY"", ""NON_EVENT""]","Quota-driven reporting, low signal.",[],gold_test,0
gold_R165,R165,gold_180,observation,"Photo attached, description me kuch nahi likha.",7,hinglish,latin,UNCERTAIN,0.08,condition_only,unscorable,[],NONE,[],none,,none,unknown,unknown,unknown,unscorable,vague_or_unscorable,"[""INSUFFICIENT""]","Content is in an attachment, not the text.",[],gold_test,1
gold_R166,R166,gold_180,observation,As per annexure.,3,english,latin,UNCERTAIN,0.05,condition_only,unscorable,[],NONE,[],none,,none,unknown,unknown,unknown,unscorable,vague_or_unscorable,"[""INSUFFICIENT""]",Reference to an external document.,"[""very_short_text""]",gold_test,1
gold_R167,R167,gold_180,observation,Worker was working at height of 3 without harness.,9,english,latin,UNCERTAIN,0.55,observed,observed,"[""Working at Height""]",Working at Height,"[""gravity""]",gravity_height,fall_arrest,fall protection,absent,failed,present,missing_unit,low_energy_or_numbers,"[""INSUFFICIENT"", ""EXPOSURE""]",Unit missing. 3 feet and 3 metres give different answers.,[],gold_test,2
gold_R168,R168,gold_180,observation,Excavation ki depth zyada thi aur ek worker andar tha.,10,hinglish,latin,UNCERTAIN,0.6,observed,observed,"[""Bypassing Safety Controls""]",Bypassing Safety Controls,"[""gravity""]",excavation_collapse,exclusion_zone,shoring,unknown,unknown,present,missing_number,low_energy_or_numbers,"[""INSUFFICIENT"", ""EXPOSURE""]",Depth qualitative only.,[],gold_test,1
gold_R169,R169,gold_180,observation,Line ka pressure high tha aur worker ne flange kholna shuru kiya.,12,hinglish,latin,YES,0.88,observed,observed,"[""Energy Isolation""]",Energy Isolation,"[""pressure""]",pressure,other,depressurisation,absent,failed,present,none,none,"[""EXPOSURE"", ""P_SIF""]",Breaking containment under pressure.,[],gold_test,4
gold_R170,R170,gold_180,observation,Tank ke upar chadhne ke liye worker ne pipe rack ka istemal kiya.,13,hinglish,latin,YES,0.82,observed,observed,"[""Working at Height""]",Working at Height,"[""gravity""]",gravity_height,other,designated access,absent,failed,present,none,none,"[""EXPOSURE"", ""P_SIF""]",Improvised access route at height.,[],gold_test,4
gold_R171,R171,gold_180,observation,"Chemical drum ka label nahi tha, worker ne bina jaane transfer kiya.",12,hinglish,latin,UNCERTAIN,0.6,observed,observed,[],NONE,"[""chemical""]",chemical,other,chemical identification,absent,failed,present,none,none,"[""INSUFFICIENT"", ""EXPOSURE""]",Unknown substance handled without controls.,[],gold_test,3
gold_R172,R172,gold_180,observation,Compressed air se worker apne kapde saaf kar raha tha.,10,hinglish,latin,UNCERTAIN,0.55,observed,observed,[],NONE,"[""pressure""]",pressure,other,compressed air use control,absent,failed,present,none,none,"[""INSUFFICIENT"", ""EXPOSURE""]",Air embolism is rare but potentially fatal.,[],gold_test,4
gold_R173,R173,gold_180,observation,Rig move ke dauran trailer ka load properly lash nahi kiya gaya tha.,13,hinglish,latin,YES,0.8,observed,observed,"[""Driving""]",Driving,"[""motion""]",vehicle,other,load securing,absent,failed,present,india_rig_move,india_context,"[""EXPOSURE"", ""P_SIF""]",Load shift during transport on poor roads.,[],gold_test,3
gold_R174,R174,gold_180,observation,Wellhead area me koi barricading nahi thi aur bahar ke log ghoom rahe the.,14,hinglish,latin,YES,0.78,observed,observed,[],NONE,"[""pressure""]",pressure,other,site access control,absent,failed,present,india_public_access,india_context,"[""EXPOSURE"", ""P_SIF""]",Uncontrolled public access near a live wellhead.,"[""sif_yes_no_lsr""]",gold_test,2
gold_R175,R175,gold_180,observation,"Flare ke paas ka area me ghaas jal rahi thi, koi attend nahi kar raha tha.",16,hinglish,latin,UNCERTAIN,0.58,observed,observed,[],NONE,"[""thermal""]",thermal_fire,other,vegetation control,absent,failed,absent,none,none,"[""INSUFFICIENT"", ""EXPOSURE""]",Uncontrolled fire near a hydrocarbon facility.,[],gold_test,4
gold_R176,R176,gold_180,observation,MOC kiye bina process line me temporary hose laga diya gaya.,11,hinglish,latin,YES,0.85,observed,observed,"[""Work Authorisation""]",Work Authorisation,"[""pressure""]",pressure,other,management of change,absent,failed,unknown,none,none,"[""EXPOSURE"", ""P_SIF""]",Unapproved modification to a pressure system.,[],gold_test,4
gold_R177,R177,gold_180,observation,"Temporary electrical connection joint tape se banaya gaya tha, outdoor area.",11,hinglish,latin,YES,0.75,observed,observed,[],NONE,"[""electrical""]",electrical,energy_isolation,electrical integrity,absent,failed,unknown,india_improvised,india_context,"[""EXPOSURE"", ""P_SIF""]","Improvised joint, elevated risk in monsoon.","[""sif_yes_no_lsr""]",gold_test,4
gold_R178,R178,gold_180,observation,JSA kiya gaya tha lekin us activity ka hazard usme list nahi tha.,13,hinglish,latin,UNCERTAIN,0.55,observed,observed,"[""Work Authorisation""]",Work Authorisation,[],none,other,hazard assessment,present_ineffective,degraded,unknown,partial_barrier,capacity_or_barrier_status,"[""INSUFFICIENT""]",Assessment done but incomplete.,[],gold_test,1
gold_R179,R179,gold_180,observation,"Sab kuch theek tha, sirf ek chhoti si baat thi ki gas test nahi hua tha.",16,hinglish,latin,YES,0.86,observed,observed,"[""Confined Space""]",Confined Space,"[""chemical""]",oxygen_deficiency,gas_test,gas test,absent,failed,unknown,minimising_language,sarcasm_minimising,"[""EXPOSURE"", ""P_SIF""]",Minimising language hides a critical barrier failure.,[],gold_test,2
gold_R180,R180,gold_180,observation,Routine inspection ke dauran koi unsafe condition nahi mili.,9,hinglish,latin,NO,0.92,observed,positive,[],NONE,[],none,,none,present_effective,intact,absent,positive_observation,positive_observation,"[""LOW_ENERGY"", ""NON_EVENT""]",Nil-finding inspection record.,[],gold_test,0
